OrderID,OrderDate,OrderMonth,FiscalQuarter,CustomerName,CustomerSegment,Industry,Country,Region,SalesRep,ProductCategory,ProductLine,ProductName,Quantity,UnitPrice,DiscountPct,UnitCost,SalesChannel,OrderSource,OrderStatus,FulfillmentRegion,PriorityTier,ContractType,DeploymentModel,SupportPlan,SalesMotion,ContractTermMonths,IsRenewal
850001,2026-01-01,2026-01,FY26-Q1,Alpine Manufacturing,Enterprise,Manufacturing,United States,North America,Parker Diaz,Data Integration,Pipelines,API Ingestion Hub,25,3900.00,12,2155.00,Marketplace,Inbound,Provisioned,US East,Priority,Subscription,Azure Managed,Premier,Net New,24,No
850002,2026-01-02,2026-01,FY26-Q1,Bluebird Retail,MidMarket,Retail,Canada,North America,Reese Turner,Analytics,Operations,Operations Command Dashboard,27,7425.00,10,3940.00,Marketplace,Inbound,Active,US West,Standard,Subscription,Hybrid,Advanced,Expansion,24,No
850003,2026-01-03,2026-01,FY26-Q1,Canyon Health,Enterprise,Healthcare,United States,North America,Taylor Brooks,Automation,Workflows,Workflow Orchestrator,32,7300.00,8,3945.00,Renewal Desk,Inbound,Provisioned,US West,Priority,Subscription,Hybrid,Premier,Renewal,12,Yes
850004,2026-01-04,2026-01,FY26-Q1,Delta Logistics,MidMarket,Logistics,Germany,Europe,Avery Cole,Managed Services,Backup,Recovery Assurance Service,2,10475.00,0,6280.00,Marketplace,Inbound,Invoiced,Europe West,Standard,Managed Services,Hybrid,Advanced,Net New,12,No
850005,2026-01-05,2026-01,FY26-Q1,Evergreen Schools,Public Sector,Education,United States,North America,Quinn Foster,Data Integration,Pipelines,API Ingestion Hub,50,3650.00,12,2060.00,Direct,Outbound,Provisioned,US Central,Priority,Subscription,Customer Managed,Premier,Expansion,24,No
850006,2026-01-06,2026-01,FY26-Q1,Frontier Energy,Enterprise,Energy,United Kingdom,Europe,Morgan Patel,Analytics,Operations,Operations Command Dashboard,9,7375.00,13,3955.00,Renewal Desk,Upsell,Renewal Pending,Europe West,Priority,Subscription,Azure Managed,Premier,Renewal,36,Yes
850007,2026-01-07,2026-01,FY26-Q1,Granite Aerospace,Enterprise,Aerospace,United States,North America,Skyler Bennett,Automation,Workflows,Workflow Orchestrator,18,7150.00,14,3875.00,Direct,Outbound,Active,US East,Priority,Subscription,Azure Managed,Premier,Net New,12,No
850008,2026-01-08,2026-01,FY26-Q1,Harbor Foods,SMB,Consumer Goods,Brazil,Latin America,Jordan Reyes,Managed Services,Backup,Recovery Assurance Service,1,10725.00,15,6345.00,Renewal Desk,Inbound,Renewal Pending,Latin America South,Priority,Managed Services,Hybrid,Premier,Renewal,12,Yes
850009,2026-01-09,2026-01,FY26-Q1,Ion Medical,Enterprise,Healthcare,Singapore,Asia Pacific,Casey Singh,Data Integration,Pipelines,API Ingestion Hub,26,4150.00,17,2265.00,Partner,Event,Provisioned,Asia Pacific South,Priority,Subscription,Hybrid,Premier,Net New,12,No
850010,2026-01-10,2026-01,FY26-Q1,Juniper Telecom,MidMarket,Telecommunications,Australia,Asia Pacific,Logan Chen,Analytics,Operations,Operations Command Dashboard,37,6975.00,15,3680.00,Partner,Referral,Invoiced,Asia Pacific South,Standard,Subscription,Customer Managed,Essentials,Expansion,12,No
850011,2026-01-11,2026-01,FY26-Q1,Kepler Robotics,Enterprise,Technology,Japan,Asia Pacific,Jordan Reyes,Automation,Workflows,Workflow Orchestrator,44,6650.00,10,3680.00,Renewal Desk,Inbound,Invoiced,Asia Pacific South,Priority,Subscription,Customer Managed,Premier,Renewal,36,Yes
850012,2026-01-12,2026-01,FY26-Q1,Lighthouse Media,SMB,Media,United Kingdom,Europe,Quinn Foster,Managed Services,Backup,Recovery Assurance Service,2,10625.00,5,6325.00,Partner,Event,Provisioned,Europe West,Standard,Managed Services,Hybrid,Premier,Net New,24,No
850013,2026-01-13,2026-01,FY26-Q1,Meridian Mining,Enterprise,Mining,South Africa,Middle East & Africa,Taylor Brooks,Data Integration,Pipelines,API Ingestion Hub,12,3750.00,8,2110.00,Marketplace,Upsell,Booked,Africa South,Priority,Subscription,Azure Managed,Advanced,Expansion,12,No
850014,2026-01-14,2026-01,FY26-Q1,Nimbus Hotels,MidMarket,Hospitality,United Arab Emirates,Middle East & Africa,Parker Diaz,Analytics,Operations,Operations Command Dashboard,17,7525.00,11,3980.00,Renewal Desk,Upsell,Provisioned,Africa South,Priority,Subscription,Hybrid,Advanced,Renewal,12,Yes
850015,2026-01-15,2026-01,FY26-Q1,Orchard Biotech,Enterprise,Biotech,United States,North America,Riley Morgan,Automation,Workflows,Workflow Orchestrator,26,7300.00,15,3985.00,Marketplace,Upsell,Active,US West,Priority,Subscription,Hybrid,Premier,Expansion,12,No
850016,2026-01-16,2026-01,FY26-Q1,Pioneer Insurance,MidMarket,Insurance,Canada,North America,Morgan Patel,Managed Services,Backup,Recovery Assurance Service,1,10725.00,15,6305.00,Renewal Desk,Upsell,Provisioned,US East,Priority,Managed Services,Hybrid,Premier,Renewal,12,Yes
850017,2026-01-17,2026-01,FY26-Q1,Quantum Freight,Enterprise,Logistics,Germany,Europe,Casey Singh,Data Integration,Pipelines,API Ingestion Hub,40,3650.00,2,2000.00,Direct,Outbound,Active,Europe West,Priority,Subscription,Customer Managed,Premier,Net New,24,No
850018,2026-01-18,2026-01,FY26-Q1,Redwood Capital,Enterprise,Financial Services,United States,North America,Morgan Patel,Analytics,Operations,Operations Command Dashboard,47,7125.00,5,3910.00,Direct,Inbound,Invoiced,US East,Priority,Subscription,Azure Managed,Advanced,Expansion,36,No
850019,2026-01-19,2026-01,FY26-Q1,Summit Utilities,Public Sector,Utilities,United Kingdom,Europe,Reese Turner,Automation,Workflows,Workflow Orchestrator,9,6900.00,18,3830.00,Renewal Desk,Upsell,Renewal Pending,Europe West,Priority,Subscription,Azure Managed,Advanced,Renewal,12,Yes
850020,2026-01-20,2026-01,FY26-Q1,Tidal Commerce,SMB,Retail,Singapore,Asia Pacific,Taylor Brooks,Managed Services,Backup,Recovery Assurance Service,4,10375.00,8,6300.00,Direct,Outbound,Booked,Asia Pacific South,Standard,Managed Services,Hybrid,Advanced,Net New,24,No
850021,2026-01-21,2026-01,FY26-Q1,Umbra Security,MidMarket,Cybersecurity,Israel,Middle East & Africa,Reese Turner,Data Integration,Pipelines,API Ingestion Hub,21,3750.00,8,2025.00,Partner,Referral,Invoiced,Africa South,Standard,Subscription,Hybrid,Essentials,Expansion,12,No
850022,2026-01-22,2026-01,FY26-Q1,Vector Mobility,Enterprise,Transportation,Japan,Asia Pacific,Logan Chen,Analytics,Operations,Operations Command Dashboard,29,6875.00,14,3715.00,Partner,Referral,Invoiced,Asia Pacific South,Priority,Subscription,Customer Managed,Advanced,Net New,36,No
850023,2026-01-23,2026-01,FY26-Q1,Westbridge Pharma,Enterprise,Pharmaceuticals,Switzerland,Europe,Taylor Brooks,Automation,Workflows,Workflow Orchestrator,38,6800.00,2,3720.00,Partner,Event,Provisioned,Europe West,Priority,Subscription,Customer Managed,Premier,Expansion,24,No
850024,2026-01-24,2026-01,FY26-Q1,Xenon Labs,SMB,Technology,India,Asia Pacific,Taylor Brooks,Managed Services,Backup,Recovery Assurance Service,4,10475.00,3,6280.00,Renewal Desk,Inbound,Invoiced,Asia Pacific South,Priority,Managed Services,Hybrid,Advanced,Renewal,12,Yes
850025,2026-01-25,2026-01,FY26-Q1,Yellowtail Resorts,SMB,Hospitality,Mexico,Latin America,Logan Chen,Data Integration,Pipelines,API Ingestion Hub,7,3350.00,1,2055.00,Marketplace,Inbound,Invoiced,Latin America South,Standard,Subscription,Azure Managed,Essentials,Net New,36,No
850026,2026-01-26,2026-01,FY26-Q1,Zenith Public Works,Public Sector,Government,United States,North America,Morgan Patel,Analytics,Operations,Operations Command Dashboard,15,7275.00,10,3920.00,Marketplace,Inbound,Invoiced,US West,Priority,Subscription,Hybrid,Advanced,Expansion,36,No
850027,2026-01-27,2026-01,FY26-Q1,Asteria Foods,MidMarket,Consumer Goods,Spain,Europe,Taylor Brooks,Automation,Workflows,Workflow Orchestrator,16,6950.00,11,3840.00,Renewal Desk,Inbound,Provisioned,Europe West,Priority,Subscription,Hybrid,Advanced,Renewal,24,Yes
850028,2026-01-28,2026-01,FY26-Q1,Borealis Health,Enterprise,Healthcare,Canada,North America,Avery Cole,Managed Services,Backup,Recovery Assurance Service,1,10625.00,10,6345.00,Marketplace,Inbound,Provisioned,US East,Strategic,Managed Services,Hybrid,Premier,Net New,24,No
850029,2026-01-29,2026-01,FY26-Q1,Celestial Motors,Enterprise,Automotive,Germany,Europe,Parker Diaz,Data Integration,Pipelines,API Ingestion Hub,33,3500.00,17,2040.00,Renewal Desk,Upsell,Renewal Pending,Europe West,Priority,Subscription,Customer Managed,Premier,Renewal,36,Yes
850030,2026-01-30,2026-01,FY26-Q1,Driftline Apparel,SMB,Retail,Australia,Asia Pacific,Cameron Kim,Analytics,Operations,Operations Command Dashboard,41,6975.00,15,3855.00,Direct,Inbound,Invoiced,Asia Pacific South,Standard,Subscription,Azure Managed,Essentials,Net New,36,No
850031,2026-01-31,2026-01,FY26-Q1,Eclipse Networks,Enterprise,Telecommunications,United States,North America,Reese Turner,Automation,Workflows,Workflow Orchestrator,47,7150.00,5,3855.00,Direct,Inbound,Active,US East,Priority,Subscription,Azure Managed,Premier,Expansion,12,No
850032,2026-02-01,2026-02,FY26-Q1,Fathom Analytics,MidMarket,Technology,Ireland,Europe,Riley Morgan,Managed Services,Backup,Recovery Assurance Service,2,10225.00,3,6240.00,Renewal Desk,Inbound,Renewal Pending,Europe West,Priority,Managed Services,Hybrid,Advanced,Renewal,36,Yes
850033,2026-02-02,2026-02,FY26-Q1,Greatwater Shipping,Enterprise,Logistics,Singapore,Asia Pacific,Taylor Brooks,Data Integration,Pipelines,API Ingestion Hub,18,3900.00,7,2245.00,Partner,Event,Provisioned,Asia Pacific South,Priority,Subscription,Hybrid,Premier,Net New,36,No
850034,2026-02-03,2026-02,FY26-Q1,Helios Devices,MidMarket,Manufacturing,Japan,Asia Pacific,Riley Morgan,Analytics,Operations,Operations Command Dashboard,20,6875.00,5,3660.00,Partner,Event,Invoiced,Asia Pacific South,Standard,Subscription,Customer Managed,Essentials,Expansion,24,No
850035,2026-02-04,2026-02,FY26-Q1,Ironclad Construction,MidMarket,Construction,United Arab Emirates,Middle East & Africa,Casey Singh,Automation,Workflows,Workflow Orchestrator,34,6400.00,13,3580.00,Renewal Desk,Inbound,Invoiced,Africa South,Priority,Subscription,Customer Managed,Essentials,Renewal,24,Yes
850036,2026-02-05,2026-02,FY26-Q1,Jetstream Travel,SMB,Travel,United Kingdom,Europe,Quinn Foster,Managed Services,Backup,Recovery Assurance Service,2,10475.00,12,6305.00,Partner,Event,Provisioned,Europe West,Standard,Managed Services,Hybrid,Premier,Expansion,36,No
850037,2026-02-06,2026-02,FY26-Q1,Kestrel Finance,Enterprise,Financial Services,United States,North America,Taylor Brooks,Data Integration,Pipelines,API Ingestion Hub,42,4000.00,20,2175.00,Renewal Desk,Inbound,Provisioned,US East,Priority,Subscription,Azure Managed,Premier,Renewal,12,Yes
850038,2026-02-07,2026-02,FY26-Q1,Northstar Education,Public Sector,Education,Canada,North America,Morgan Patel,Analytics,Operations,Operations Command Dashboard,7,7675.00,6,4045.00,Marketplace,Inbound,Active,US West,Priority,Subscription,Hybrid,Premier,Net New,24,No
850039,2026-02-08,2026-02,FY26-Q1,Optima Warehousing,MidMarket,Logistics,Netherlands,Europe,Parker Diaz,Automation,Workflows,Workflow Orchestrator,13,6800.00,1,3880.00,Marketplace,Inbound,Provisioned,Europe West,Standard,Subscription,Hybrid,Advanced,Expansion,36,No
850040,2026-02-09,2026-02,FY26-Q1,Pulse Renewables,Enterprise,Energy,Australia,Asia Pacific,Jordan Reyes,Managed Services,Backup,Recovery Assurance Service,4,10475.00,10,6300.00,Renewal Desk,Inbound,Provisioned,Asia Pacific South,Strategic,Managed Services,Hybrid,Advanced,Renewal,12,Yes
850041,2026-02-10,2026-02,FY26-Q1,Alpine Manufacturing,Enterprise,Manufacturing,United States,North America,Avery Cole,Lakehouse,Optimization,Delta Optimization Pack,29,6400.00,10,3580.00,Direct,Inbound,Provisioned,US Central,Priority,Subscription,Customer Managed,Premier,Net New,36,No
850042,2026-02-11,2026-02,FY26-Q1,Bluebird Retail,MidMarket,Retail,Canada,North America,Morgan Patel,Governance,Catalog,Data Catalog Accelerator,31,5925.00,8,3290.00,Marketplace,Inbound,Active,US East,Standard,Subscription,Azure Managed,Advanced,Expansion,36,No
850043,2026-02-12,2026-02,FY26-Q1,Canyon Health,Enterprise,Healthcare,United States,North America,Casey Singh,Platform,Enablement,Fabric Enablement Bundle,36,8100.00,12,4420.00,Direct,Outbound,Active,US Central,Strategic,Subscription,Customer Managed,Premier,Net New,24,No
850044,2026-02-13,2026-02,FY26-Q1,Delta Logistics,MidMarket,Logistics,Germany,Europe,Cameron Kim,Security,Compliance,Compliance Evidence Hub,45,8325.00,10,4685.00,Direct,Inbound,Invoiced,Europe West,Standard,Subscription,Hybrid,Essentials,Expansion,24,No
850045,2026-02-14,2026-02,FY26-Q1,Evergreen Schools,Public Sector,Education,United States,North America,Jordan Reyes,Lakehouse,Optimization,Delta Optimization Pack,8,6800.00,11,3885.00,Renewal Desk,Inbound,Invoiced,US West,Priority,Subscription,Hybrid,Premier,Renewal,36,Yes
850046,2026-02-15,2026-02,FY26-Q1,Frontier Energy,Enterprise,Energy,United Kingdom,Europe,Logan Chen,Governance,Catalog,Data Catalog Accelerator,13,6175.00,7,3180.00,Direct,Inbound,Active,Europe North,Priority,Subscription,Customer Managed,Premier,Net New,12,No
850047,2026-02-16,2026-02,FY26-Q1,Granite Aerospace,Enterprise,Aerospace,United States,North America,Taylor Brooks,Platform,Enablement,Fabric Enablement Bundle,22,8500.00,5,4625.00,Partner,Event,Active,US West,Strategic,Subscription,Hybrid,Premier,Expansion,24,No
850048,2026-02-17,2026-02,FY26-Q1,Harbor Foods,SMB,Consumer Goods,Brazil,Latin America,Riley Morgan,Security,Compliance,Compliance Evidence Hub,24,8325.00,8,4710.00,Renewal Desk,Inbound,Invoiced,Latin America South,Priority,Subscription,Azure Managed,Advanced,Renewal,24,Yes
850049,2026-02-18,2026-02,FY26-Q1,Ion Medical,Enterprise,Healthcare,Singapore,Asia Pacific,Skyler Bennett,Lakehouse,Optimization,Delta Optimization Pack,30,6800.00,10,3815.00,Marketplace,Upsell,Provisioned,Asia Pacific East,Priority,Subscription,Azure Managed,Premier,Net New,24,No
850050,2026-02-19,2026-02,FY26-Q1,Juniper Telecom,MidMarket,Telecommunications,Australia,Asia Pacific,Reese Turner,Governance,Catalog,Data Catalog Accelerator,41,6075.00,15,3305.00,Renewal Desk,Upsell,Invoiced,Asia Pacific East,Priority,Subscription,Hybrid,Essentials,Renewal,24,Yes
850051,2026-02-20,2026-02,FY26-Q1,Kepler Robotics,Enterprise,Technology,Japan,Asia Pacific,Riley Morgan,Platform,Enablement,Fabric Enablement Bundle,48,8450.00,12,4555.00,Marketplace,Upsell,Active,Asia Pacific East,Strategic,Subscription,Azure Managed,Premier,Net New,12,No
850052,2026-02-21,2026-02,FY26-Q1,Lighthouse Media,SMB,Media,United Kingdom,Europe,Jordan Reyes,Security,Compliance,Compliance Evidence Hub,10,7925.00,13,4515.00,Marketplace,Upsell,Provisioned,Europe West,Standard,Subscription,Customer Managed,Advanced,Expansion,36,No
850053,2026-02-22,2026-02,FY26-Q1,Meridian Mining,Enterprise,Mining,South Africa,Middle East & Africa,Casey Singh,Lakehouse,Optimization,Delta Optimization Pack,16,6300.00,8,3535.00,Renewal Desk,Inbound,Renewal Pending,Middle East Hub,Priority,Subscription,Customer Managed,Advanced,Renewal,24,Yes
850054,2026-02-23,2026-02,FY26-Q1,Nimbus Hotels,MidMarket,Hospitality,United Arab Emirates,Middle East & Africa,Avery Cole,Governance,Catalog,Data Catalog Accelerator,21,6075.00,3,3330.00,Marketplace,Inbound,Provisioned,Middle East Hub,Standard,Subscription,Azure Managed,Advanced,Net New,24,No
850055,2026-02-24,2026-02,FY26-Q1,Orchard Biotech,Enterprise,Biotech,United States,North America,Quinn Foster,Platform,Enablement,Fabric Enablement Bundle,30,8100.00,7,4460.00,Direct,Outbound,Active,US Central,Strategic,Subscription,Customer Managed,Premier,Expansion,24,No
850056,2026-02-25,2026-02,FY26-Q1,Pioneer Insurance,MidMarket,Insurance,Canada,North America,Logan Chen,Security,Compliance,Compliance Evidence Hub,39,8475.00,8,4720.00,Renewal Desk,Upsell,Renewal Pending,US West,Priority,Subscription,Hybrid,Advanced,Renewal,24,Yes
850057,2026-02-26,2026-02,FY26-Q1,Quantum Freight,Enterprise,Logistics,Germany,Europe,Skyler Bennett,Lakehouse,Optimization,Delta Optimization Pack,44,6800.00,14,3825.00,Partner,Event,Active,Europe North,Priority,Subscription,Hybrid,Premier,Expansion,36,No
850058,2026-02-27,2026-02,FY26-Q1,Redwood Capital,Enterprise,Financial Services,United States,North America,Logan Chen,Governance,Catalog,Data Catalog Accelerator,5,5925.00,5,3135.00,Renewal Desk,Upsell,Renewal Pending,US Central,Priority,Subscription,Customer Managed,Advanced,Renewal,12,Yes
850059,2026-02-28,2026-02,FY26-Q1,Summit Utilities,Public Sector,Utilities,United Kingdom,Europe,Morgan Patel,Platform,Enablement,Fabric Enablement Bundle,13,8250.00,5,4580.00,Partner,Referral,Booked,Europe North,Priority,Subscription,Hybrid,Advanced,Net New,24,No
850060,2026-03-01,2026-03,FY26-Q1,Tidal Commerce,SMB,Retail,Singapore,Asia Pacific,Casey Singh,Security,Compliance,Compliance Evidence Hub,18,8025.00,0,4655.00,Partner,Event,Booked,Asia Pacific South,Standard,Subscription,Azure Managed,Essentials,Expansion,36,No
850061,2026-03-02,2026-03,FY26-Q1,Umbra Security,MidMarket,Cybersecurity,Israel,Middle East & Africa,Morgan Patel,Lakehouse,Optimization,Delta Optimization Pack,25,6400.00,6,3575.00,Renewal Desk,Upsell,Provisioned,Middle East Hub,Priority,Subscription,Azure Managed,Essentials,Renewal,24,Yes
850062,2026-03-03,2026-03,FY26-Q1,Vector Mobility,Enterprise,Transportation,Japan,Asia Pacific,Reese Turner,Governance,Catalog,Data Catalog Accelerator,33,6325.00,12,3340.00,Partner,Referral,Invoiced,Asia Pacific East,Priority,Subscription,Hybrid,Advanced,Net New,12,No
850063,2026-03-04,2026-03,FY26-Q1,Westbridge Pharma,Enterprise,Pharmaceuticals,Switzerland,Europe,Casey Singh,Platform,Enablement,Fabric Enablement Bundle,42,8200.00,8,4595.00,Marketplace,Upsell,Provisioned,Europe North,Strategic,Subscription,Azure Managed,Premier,Expansion,36,No
850064,2026-03-05,2026-03,FY26-Q1,Xenon Labs,SMB,Technology,India,Asia Pacific,Casey Singh,Security,Compliance,Compliance Evidence Hub,42,7925.00,8,4460.00,Marketplace,Upsell,Booked,Asia Pacific South,Standard,Subscription,Customer Managed,Essentials,Net New,24,No
850065,2026-03-06,2026-03,FY26-Q1,Yellowtail Resorts,SMB,Hospitality,Mexico,Latin America,Reese Turner,Lakehouse,Optimization,Delta Optimization Pack,11,6250.00,15,3480.00,Direct,Inbound,Invoiced,Latin America South,Standard,Subscription,Customer Managed,Essentials,Expansion,12,No
850066,2026-03-07,2026-03,FY26-Q1,Zenith Public Works,Public Sector,Government,United States,North America,Logan Chen,Governance,Catalog,Data Catalog Accelerator,19,6175.00,13,3270.00,Renewal Desk,Upsell,Provisioned,US East,Priority,Subscription,Azure Managed,Advanced,Renewal,12,Yes
850067,2026-03-08,2026-03,FY26-Q1,Asteria Foods,MidMarket,Consumer Goods,Spain,Europe,Casey Singh,Platform,Enablement,Fabric Enablement Bundle,20,7700.00,15,4315.00,Direct,Outbound,Active,Europe North,Standard,Subscription,Customer Managed,Advanced,Net New,36,No
850068,2026-03-09,2026-03,FY26-Q1,Borealis Health,Enterprise,Healthcare,Canada,North America,Cameron Kim,Security,Compliance,Compliance Evidence Hub,29,8575.00,5,4845.00,Direct,Inbound,Provisioned,US West,Strategic,Subscription,Hybrid,Premier,Expansion,36,No
850069,2026-03-10,2026-03,FY26-Q1,Celestial Motors,Enterprise,Automotive,Germany,Europe,Avery Cole,Lakehouse,Optimization,Delta Optimization Pack,37,7050.00,13,3865.00,Renewal Desk,Upsell,Invoiced,Europe North,Priority,Subscription,Hybrid,Premier,Renewal,12,Yes
850070,2026-03-11,2026-03,FY26-Q1,Driftline Apparel,SMB,Retail,Australia,Asia Pacific,Parker Diaz,Governance,Catalog,Data Catalog Accelerator,45,5775.00,12,3080.00,Direct,Inbound,Invoiced,Asia Pacific East,Standard,Subscription,Customer Managed,Essentials,Net New,12,No
850071,2026-03-12,2026-03,FY26-Q1,Eclipse Networks,Enterprise,Telecommunications,United States,North America,Morgan Patel,Platform,Enablement,Fabric Enablement Bundle,5,8500.00,15,4605.00,Renewal Desk,Upsell,Invoiced,US West,Strategic,Subscription,Hybrid,Premier,Renewal,24,Yes
850072,2026-03-13,2026-03,FY26-Q1,Fathom Analytics,MidMarket,Technology,Ireland,Europe,Quinn Foster,Security,Compliance,Compliance Evidence Hub,12,8275.00,10,4595.00,Partner,Event,Invoiced,Europe West,Standard,Subscription,Azure Managed,Essentials,Net New,12,No
850073,2026-03-14,2026-03,FY26-Q1,Greatwater Shipping,Enterprise,Logistics,Singapore,Asia Pacific,Casey Singh,Lakehouse,Optimization,Delta Optimization Pack,22,6900.00,0,3795.00,Marketplace,Upsell,Provisioned,Asia Pacific East,Priority,Subscription,Azure Managed,Premier,Expansion,12,No
850074,2026-03-15,2026-03,FY26-Q1,Helios Devices,MidMarket,Manufacturing,Japan,Asia Pacific,Quinn Foster,Governance,Catalog,Data Catalog Accelerator,24,5925.00,6,3285.00,Renewal Desk,Inbound,Invoiced,Asia Pacific East,Priority,Subscription,Hybrid,Essentials,Renewal,36,Yes
850075,2026-03-16,2026-03,FY26-Q1,Ironclad Construction,MidMarket,Construction,United Arab Emirates,Middle East & Africa,Skyler Bennett,Platform,Enablement,Fabric Enablement Bundle,38,7800.00,0,4455.00,Marketplace,Upsell,Invoiced,Middle East Hub,Standard,Subscription,Azure Managed,Essentials,Net New,36,No
850076,2026-03-17,2026-03,FY26-Q1,Jetstream Travel,SMB,Travel,United Kingdom,Europe,Jordan Reyes,Security,Compliance,Compliance Evidence Hub,40,8175.00,3,4495.00,Marketplace,Upsell,Provisioned,Europe West,Standard,Subscription,Customer Managed,Advanced,Expansion,12,No
850077,2026-03-18,2026-03,FY26-Q1,Kestrel Finance,Enterprise,Financial Services,United States,North America,Casey Singh,Lakehouse,Optimization,Delta Optimization Pack,46,6550.00,15,3600.00,Renewal Desk,Inbound,Renewal Pending,US Central,Priority,Subscription,Customer Managed,Premier,Renewal,24,Yes
850078,2026-03-19,2026-03,FY26-Q1,Northstar Education,Public Sector,Education,Canada,North America,Logan Chen,Governance,Catalog,Data Catalog Accelerator,11,6175.00,3,3395.00,Marketplace,Inbound,Active,US East,Priority,Subscription,Azure Managed,Premier,Expansion,36,No
850079,2026-03-20,2026-03,FY26-Q1,Optima Warehousing,MidMarket,Logistics,Netherlands,Europe,Avery Cole,Platform,Enablement,Fabric Enablement Bundle,17,7950.00,13,4355.00,Renewal Desk,Upsell,Renewal Pending,Europe North,Priority,Subscription,Customer Managed,Advanced,Renewal,12,Yes
850080,2026-03-21,2026-03,FY26-Q1,Pulse Renewables,Enterprise,Energy,Australia,Asia Pacific,Riley Morgan,Security,Compliance,Compliance Evidence Hub,22,8475.00,17,4800.00,Direct,Outbound,Booked,Asia Pacific South,Strategic,Subscription,Hybrid,Advanced,Net New,24,No
850081,2026-03-22,2026-03,FY26-Q1,Alpine Manufacturing,Enterprise,Manufacturing,United States,North America,Cameron Kim,AI,Forecasting,Forecast Studio,33,8950.00,3,4780.00,Marketplace,Inbound,Provisioned,US Central,Strategic,Subscription,Customer Managed,Premier,Expansion,12,No
850082,2026-03-23,2026-03,FY26-Q1,Bluebird Retail,MidMarket,Retail,Canada,North America,Logan Chen,Automation,Incident,Incident Response Pack,35,7425.00,8,4040.00,Renewal Desk,Upsell,Invoiced,US West,Priority,Subscription,Hybrid,Advanced,Renewal,12,Yes
850083,2026-03-24,2026-03,FY26-Q1,Canyon Health,Enterprise,Healthcare,United States,North America,Skyler Bennett,Services,Migration,Migration Sprint,8,16000.00,5,9645.00,Marketplace,Upsell,Invoiced,US Central,Strategic,Professional Services,Hybrid,Premier,Net New,12,No
850084,2026-03-25,2026-03,FY26-Q1,Delta Logistics,MidMarket,Logistics,Germany,Europe,Parker Diaz,Data Integration,Streaming,Event Stream Bridge,49,4475.00,8,2585.00,Direct,Inbound,Invoiced,Europe North,Standard,Subscription,Hybrid,Essentials,Expansion,36,No
850085,2026-03-26,2026-03,FY26-Q1,Evergreen Schools,Public Sector,Education,United States,North America,Riley Morgan,AI,Forecasting,Forecast Studio,12,9350.00,3,5085.00,Direct,Outbound,Provisioned,US West,Priority,Subscription,Hybrid,Premier,Net New,12,No
850086,2026-03-27,2026-03,FY26-Q1,Frontier Energy,Enterprise,Energy,United Kingdom,Europe,Reese Turner,Automation,Incident,Incident Response Pack,17,7425.00,0,4055.00,Marketplace,Inbound,Active,Europe West,Priority,Subscription,Azure Managed,Premier,Expansion,24,No
850087,2026-03-28,2026-03,FY26-Q1,Granite Aerospace,Enterprise,Aerospace,United States,North America,Casey Singh,Services,Migration,Migration Sprint,4,15850.00,20,9575.00,Renewal Desk,Inbound,Renewal Pending,US West,Strategic,Professional Services,Azure Managed,Premier,Renewal,12,Yes
850088,2026-03-29,2026-03,FY26-Q1,Harbor Foods,SMB,Consumer Goods,Brazil,Latin America,Quinn Foster,Data Integration,Streaming,Event Stream Bridge,28,4475.00,3,2610.00,Partner,Event,Provisioned,Latin America South,Standard,Subscription,Azure Managed,Advanced,Net New,36,No
850089,2026-03-30,2026-03,FY26-Q1,Ion Medical,Enterprise,Healthcare,Singapore,Asia Pacific,Taylor Brooks,AI,Forecasting,Forecast Studio,34,8950.00,7,5015.00,Partner,Event,Provisioned,Asia Pacific South,Strategic,Subscription,Azure Managed,Premier,Expansion,36,No
850090,2026-03-31,2026-03,FY26-Q1,Juniper Telecom,MidMarket,Telecommunications,Australia,Asia Pacific,Morgan Patel,Automation,Incident,Incident Response Pack,45,6625.00,11,3780.00,Renewal Desk,Upsell,Renewal Pending,Asia Pacific South,Priority,Subscription,Customer Managed,Essentials,Renewal,36,Yes
850091,2026-04-01,2026-04,FY26-Q2,Kepler Robotics,Enterprise,Technology,Japan,Asia Pacific,Quinn Foster,Services,Migration,Migration Sprint,8,15530.00,10,9380.00,Partner,Event,Booked,Asia Pacific South,Strategic,Professional Services,Customer Managed,Premier,Net New,6,No
850092,2026-04-02,2026-04,FY26-Q2,Lighthouse Media,SMB,Media,United Kingdom,Europe,Riley Morgan,Data Integration,Streaming,Event Stream Bridge,14,4475.00,15,2415.00,Renewal Desk,Inbound,Provisioned,Europe North,Priority,Subscription,Customer Managed,Advanced,Renewal,12,Yes
850093,2026-04-03,2026-04,FY26-Q2,Meridian Mining,Enterprise,Mining,South Africa,Middle East & Africa,Skyler Bennett,AI,Forecasting,Forecast Studio,20,8450.00,15,4735.00,Marketplace,Upsell,Booked,Africa South,Strategic,Subscription,Customer Managed,Advanced,Net New,36,No
850094,2026-04-04,2026-04,FY26-Q2,Nimbus Hotels,MidMarket,Hospitality,United Arab Emirates,Middle East & Africa,Cameron Kim,Automation,Incident,Incident Response Pack,25,7175.00,0,4080.00,Partner,Referral,Provisioned,Africa South,Standard,Subscription,Hybrid,Advanced,Expansion,36,No
850095,2026-04-05,2026-04,FY26-Q2,Orchard Biotech,Enterprise,Biotech,United States,North America,Jordan Reyes,Services,Migration,Migration Sprint,4,16000.00,5,9685.00,Renewal Desk,Inbound,Provisioned,US Central,Strategic,Professional Services,Hybrid,Premier,Renewal,12,Yes
850096,2026-04-06,2026-04,FY26-Q2,Pioneer Insurance,MidMarket,Insurance,Canada,North America,Reese Turner,Data Integration,Streaming,Event Stream Bridge,43,4625.00,3,2620.00,Direct,Inbound,Provisioned,US West,Standard,Subscription,Hybrid,Advanced,Net New,36,No
850097,2026-04-07,2026-04,FY26-Q2,Quantum Freight,Enterprise,Logistics,Germany,Europe,Taylor Brooks,AI,Forecasting,Forecast Studio,48,9350.00,10,5025.00,Direct,Outbound,Active,Europe West,Strategic,Subscription,Hybrid,Premier,Expansion,12,No
850098,2026-04-08,2026-04,FY26-Q2,Redwood Capital,Enterprise,Financial Services,United States,North America,Reese Turner,Automation,Incident,Incident Response Pack,9,7175.00,17,4010.00,Renewal Desk,Upsell,Provisioned,US East,Priority,Subscription,Azure Managed,Advanced,Renewal,24,Yes
850099,2026-04-09,2026-04,FY26-Q2,Summit Utilities,Public Sector,Utilities,United Kingdom,Europe,Logan Chen,Services,Migration,Migration Sprint,8,15600.00,0,9530.00,Direct,Inbound,Booked,Europe West,Priority,Professional Services,Azure Managed,Advanced,Expansion,12,No
850100,2026-04-10,2026-04,FY26-Q2,Tidal Commerce,SMB,Retail,Singapore,Asia Pacific,Skyler Bennett,Data Integration,Streaming,Event Stream Bridge,22,4575.00,18,2555.00,Renewal Desk,Inbound,Invoiced,Asia Pacific East,Priority,Subscription,Azure Managed,Essentials,Renewal,12,Yes
850101,2026-04-11,2026-04,FY26-Q2,Umbra Security,MidMarket,Cybersecurity,Israel,Middle East & Africa,Logan Chen,AI,Forecasting,Forecast Studio,29,8550.00,15,4775.00,Partner,Referral,Invoiced,Africa South,Standard,Subscription,Azure Managed,Essentials,Net New,36,No
850102,2026-04-12,2026-04,FY26-Q2,Vector Mobility,Enterprise,Transportation,Japan,Asia Pacific,Morgan Patel,Automation,Incident,Incident Response Pack,37,6925.00,7,3815.00,Direct,Inbound,Invoiced,Asia Pacific South,Priority,Subscription,Customer Managed,Advanced,Expansion,24,No
850103,2026-04-13,2026-04,FY26-Q2,Westbridge Pharma,Enterprise,Pharmaceuticals,Switzerland,Europe,Skyler Bennett,Services,Migration,Migration Sprint,4,15450.00,8,9420.00,Renewal Desk,Inbound,Invoiced,Europe West,Strategic,Professional Services,Customer Managed,Premier,Renewal,3,Yes
850104,2026-04-14,2026-04,FY26-Q2,Xenon Labs,SMB,Technology,India,Asia Pacific,Skyler Bennett,Data Integration,Streaming,Event Stream Bridge,46,4075.00,6,2360.00,Marketplace,Upsell,Booked,Asia Pacific East,Standard,Subscription,Customer Managed,Essentials,Net New,36,No
850105,2026-04-15,2026-04,FY26-Q2,Yellowtail Resorts,SMB,Hospitality,Mexico,Latin America,Morgan Patel,AI,Forecasting,Forecast Studio,15,8450.00,8,4680.00,Marketplace,Inbound,Invoiced,Latin America South,Standard,Subscription,Customer Managed,Essentials,Expansion,24,No
850106,2026-04-16,2026-04,FY26-Q2,Zenith Public Works,Public Sector,Government,United States,North America,Reese Turner,Automation,Incident,Incident Response Pack,23,7325.00,5,4020.00,Partner,Referral,Invoiced,US West,Priority,Subscription,Hybrid,Advanced,Net New,24,No
850107,2026-04-17,2026-04,FY26-Q2,Asteria Foods,MidMarket,Consumer Goods,Spain,Europe,Skyler Bennett,Services,Migration,Migration Sprint,8,15600.00,8,9540.00,Marketplace,Upsell,Invoiced,Europe West,Standard,Professional Services,Hybrid,Advanced,Expansion,3,No
850108,2026-04-18,2026-04,FY26-Q2,Borealis Health,Enterprise,Healthcare,Canada,North America,Parker Diaz,Data Integration,Streaming,Event Stream Bridge,33,5125.00,5,2745.00,Renewal Desk,Upsell,Renewal Pending,US West,Priority,Subscription,Hybrid,Premier,Renewal,12,Yes
850109,2026-04-19,2026-04,FY26-Q2,Celestial Motors,Enterprise,Automotive,Germany,Europe,Cameron Kim,AI,Forecasting,Forecast Studio,41,9250.00,5,5065.00,Direct,Inbound,Active,Europe West,Strategic,Subscription,Hybrid,Premier,Net New,24,No
850110,2026-04-20,2026-04,FY26-Q2,Driftline Apparel,SMB,Retail,Australia,Asia Pacific,Avery Cole,Automation,Incident,Incident Response Pack,49,7025.00,6,3955.00,Marketplace,Inbound,Invoiced,Asia Pacific South,Standard,Subscription,Azure Managed,Essentials,Expansion,24,No
850111,2026-04-21,2026-04,FY26-Q2,Eclipse Networks,Enterprise,Telecommunications,United States,North America,Logan Chen,Services,Migration,Migration Sprint,4,15850.00,10,9555.00,Renewal Desk,Upsell,Renewal Pending,US West,Strategic,Professional Services,Azure Managed,Premier,Renewal,12,Yes
850112,2026-04-22,2026-04,FY26-Q2,Fathom Analytics,MidMarket,Technology,Ireland,Europe,Jordan Reyes,Data Integration,Streaming,Event Stream Bridge,16,4475.00,8,2495.00,Partner,Event,Invoiced,Europe North,Standard,Subscription,Azure Managed,Essentials,Net New,24,No
850113,2026-04-23,2026-04,FY26-Q2,Greatwater Shipping,Enterprise,Logistics,Singapore,Asia Pacific,Skyler Bennett,AI,Forecasting,Forecast Studio,26,9100.00,17,4995.00,Renewal Desk,Inbound,Invoiced,Asia Pacific South,Strategic,Subscription,Azure Managed,Premier,Renewal,24,Yes
850114,2026-04-24,2026-04,FY26-Q2,Helios Devices,MidMarket,Manufacturing,Japan,Asia Pacific,Jordan Reyes,Automation,Incident,Incident Response Pack,28,6875.00,15,3760.00,Direct,Outbound,Invoiced,Asia Pacific South,Standard,Subscription,Customer Managed,Essentials,Net New,12,No
850115,2026-04-25,2026-04,FY26-Q2,Ironclad Construction,MidMarket,Construction,United Arab Emirates,Middle East & Africa,Taylor Brooks,Services,Migration,Migration Sprint,8,15050.00,12,9280.00,Partner,Event,Booked,Africa South,Standard,Professional Services,Customer Managed,Essentials,Expansion,3,No
850116,2026-04-26,2026-04,FY26-Q2,Jetstream Travel,SMB,Travel,United Kingdom,Europe,Riley Morgan,Data Integration,Streaming,Event Stream Bridge,44,4375.00,6,2395.00,Renewal Desk,Inbound,Provisioned,Europe North,Priority,Subscription,Customer Managed,Advanced,Renewal,24,Yes
850117,2026-04-27,2026-04,FY26-Q2,Kestrel Finance,Enterprise,Financial Services,United States,North America,Skyler Bennett,AI,Forecasting,Forecast Studio,50,8700.00,5,4800.00,Marketplace,Upsell,Provisioned,US Central,Strategic,Subscription,Customer Managed,Premier,Net New,36,No
850118,2026-04-28,2026-04,FY26-Q2,Northstar Education,Public Sector,Education,Canada,North America,Reese Turner,Automation,Incident,Incident Response Pack,15,7675.00,0,4145.00,Partner,Referral,Active,US West,Priority,Subscription,Hybrid,Premier,Expansion,12,No
850119,2026-04-29,2026-04,FY26-Q2,Optima Warehousing,MidMarket,Logistics,Netherlands,Europe,Cameron Kim,Services,Migration,Migration Sprint,4,15680.00,8,9580.00,Renewal Desk,Upsell,Provisioned,Europe West,Priority,Professional Services,Hybrid,Advanced,Renewal,6,Yes
850120,2026-04-30,2026-04,FY26-Q2,Pulse Renewables,Enterprise,Energy,Australia,Asia Pacific,Quinn Foster,Data Integration,Streaming,Event Stream Bridge,26,4625.00,14,2700.00,Direct,Outbound,Booked,Asia Pacific East,Priority,Subscription,Hybrid,Advanced,Expansion,36,No
850121,2026-05-01,2026-05,FY26-Q2,Alpine Manufacturing,Enterprise,Manufacturing,United States,North America,Parker Diaz,Governance,Security,Access Policy Monitor,37,6750.00,5,3605.00,Renewal Desk,Upsell,Renewal Pending,US West,Priority,Subscription,Hybrid,Premier,Renewal,24,Yes
850122,2026-05-02,2026-05,FY26-Q2,Bluebird Retail,MidMarket,Retail,Canada,North America,Reese Turner,Managed Services,Support,Managed Monitoring Service,3,9625.00,15,5775.00,Direct,Inbound,Active,US West,Standard,Managed Services,Azure Managed,Premier,Net New,24,No
850123,2026-05-03,2026-05,FY26-Q2,Canyon Health,Enterprise,Healthcare,United States,North America,Taylor Brooks,Security,Identity,Identity Guard for Fabric,44,7700.00,2,4220.00,Direct,Outbound,Active,US Central,Priority,Subscription,Customer Managed,Premier,Expansion,12,No
850124,2026-05-04,2026-05,FY26-Q2,Delta Logistics,MidMarket,Logistics,Germany,Europe,Avery Cole,Analytics,Executive Reporting,Executive Scorecard Model,7,7425.00,6,3960.00,Renewal Desk,Upsell,Invoiced,Europe North,Priority,Subscription,Customer Managed,Essentials,Renewal,12,Yes
850125,2026-05-05,2026-05,FY26-Q2,Evergreen Schools,Public Sector,Education,United States,North America,Quinn Foster,Governance,Security,Access Policy Monitor,16,6600.00,0,3635.00,Partner,Event,Provisioned,US East,Priority,Subscription,Azure Managed,Premier,Net New,24,No
850126,2026-05-06,2026-05,FY26-Q2,Frontier Energy,Enterprise,Energy,United Kingdom,Europe,Morgan Patel,Managed Services,Support,Managed Monitoring Service,4,9475.00,12,5755.00,Partner,Referral,Active,Europe North,Strategic,Managed Services,Azure Managed,Premier,Expansion,36,No
850127,2026-05-07,2026-05,FY26-Q2,Granite Aerospace,Enterprise,Aerospace,United States,North America,Skyler Bennett,Security,Identity,Identity Guard for Fabric,30,8100.00,12,4425.00,Partner,Event,Active,US West,Strategic,Subscription,Hybrid,Premier,Net New,12,No
850128,2026-05-08,2026-05,FY26-Q2,Harbor Foods,SMB,Consumer Goods,Brazil,Latin America,Jordan Reyes,Analytics,Executive Reporting,Executive Scorecard Model,32,7975.00,13,4260.00,Marketplace,Upsell,Provisioned,Latin America South,Standard,Subscription,Hybrid,Advanced,Expansion,12,No
850129,2026-05-09,2026-05,FY26-Q2,Ion Medical,Enterprise,Healthcare,Singapore,Asia Pacific,Casey Singh,Governance,Security,Access Policy Monitor,38,6450.00,8,3440.00,Renewal Desk,Inbound,Provisioned,Asia Pacific East,Priority,Subscription,Customer Managed,Premier,Renewal,12,Yes
850130,2026-05-10,2026-05,FY26-Q2,Juniper Telecom,MidMarket,Telecommunications,Australia,Asia Pacific,Logan Chen,Managed Services,Support,Managed Monitoring Service,2,9475.00,0,5750.00,Marketplace,Inbound,Invoiced,Asia Pacific East,Standard,Managed Services,Azure Managed,Advanced,Net New,12,No
850131,2026-05-11,2026-05,FY26-Q2,Kepler Robotics,Enterprise,Technology,Japan,Asia Pacific,Jordan Reyes,Security,Identity,Identity Guard for Fabric,10,7700.00,3,4355.00,Marketplace,Upsell,Active,Asia Pacific East,Priority,Subscription,Azure Managed,Premier,Expansion,36,No
850132,2026-05-12,2026-05,FY26-Q2,Lighthouse Media,SMB,Media,United Kingdom,Europe,Quinn Foster,Analytics,Executive Reporting,Executive Scorecard Model,18,7725.00,11,4190.00,Renewal Desk,Inbound,Renewal Pending,Europe North,Priority,Subscription,Azure Managed,Advanced,Renewal,24,Yes
850133,2026-05-13,2026-05,FY26-Q2,Meridian Mining,Enterprise,Mining,South Africa,Middle East & Africa,Taylor Brooks,Governance,Security,Access Policy Monitor,24,6600.00,14,3560.00,Direct,Outbound,Booked,Middle East Hub,Priority,Subscription,Hybrid,Advanced,Net New,12,No
850134,2026-05-14,2026-05,FY26-Q2,Nimbus Hotels,MidMarket,Hospitality,United Arab Emirates,Middle East & Africa,Parker Diaz,Managed Services,Support,Managed Monitoring Service,2,9725.00,13,5815.00,Renewal Desk,Upsell,Renewal Pending,Middle East Hub,Priority,Managed Services,Azure Managed,Premier,Renewal,12,Yes
850135,2026-05-15,2026-05,FY26-Q2,Orchard Biotech,Enterprise,Biotech,United States,North America,Riley Morgan,Security,Identity,Identity Guard for Fabric,38,7700.00,14,4260.00,Direct,Outbound,Active,US Central,Priority,Subscription,Customer Managed,Premier,Net New,12,No
850136,2026-05-16,2026-05,FY26-Q2,Pioneer Insurance,MidMarket,Insurance,Canada,North America,Morgan Patel,Analytics,Executive Reporting,Executive Scorecard Model,47,7575.00,15,3995.00,Partner,Referral,Provisioned,US Central,Standard,Subscription,Customer Managed,Advanced,Expansion,12,No
850137,2026-05-17,2026-05,FY26-Q2,Quantum Freight,Enterprise,Logistics,Germany,Europe,Casey Singh,Governance,Security,Access Policy Monitor,6,6600.00,10,3575.00,Renewal Desk,Inbound,Invoiced,Europe North,Priority,Subscription,Azure Managed,Premier,Renewal,24,Yes
850138,2026-05-18,2026-05,FY26-Q2,Redwood Capital,Enterprise,Financial Services,United States,North America,Morgan Patel,Managed Services,Support,Managed Monitoring Service,3,9225.00,7,5710.00,Partner,Referral,Invoiced,US East,Strategic,Managed Services,Azure Managed,Advanced,Net New,36,No
850139,2026-05-19,2026-05,FY26-Q2,Summit Utilities,Public Sector,Utilities,United Kingdom,Europe,Reese Turner,Security,Identity,Identity Guard for Fabric,21,7850.00,12,4380.00,Partner,Referral,Booked,Europe North,Priority,Subscription,Hybrid,Advanced,Expansion,12,No
850140,2026-05-20,2026-05,FY26-Q2,Tidal Commerce,SMB,Retail,Singapore,Asia Pacific,Taylor Brooks,Analytics,Executive Reporting,Executive Scorecard Model,26,7725.00,13,4205.00,Renewal Desk,Inbound,Provisioned,Asia Pacific East,Priority,Subscription,Hybrid,Essentials,Renewal,24,Yes
850141,2026-05-21,2026-05,FY26-Q2,Umbra Security,MidMarket,Cybersecurity,Israel,Middle East & Africa,Reese Turner,Governance,Security,Access Policy Monitor,33,6050.00,10,3200.00,Marketplace,Inbound,Invoiced,Middle East Hub,Standard,Subscription,Customer Managed,Essentials,Expansion,12,No
850142,2026-05-22,2026-05,FY26-Q2,Vector Mobility,Enterprise,Transportation,Japan,Asia Pacific,Logan Chen,Managed Services,Support,Managed Monitoring Service,2,9225.00,20,5690.00,Renewal Desk,Upsell,Provisioned,Asia Pacific East,Strategic,Managed Services,Azure Managed,Advanced,Renewal,36,Yes
850143,2026-05-23,2026-05,FY26-Q2,Westbridge Pharma,Enterprise,Pharmaceuticals,Switzerland,Europe,Taylor Brooks,Security,Identity,Identity Guard for Fabric,50,7850.00,15,4395.00,Marketplace,Upsell,Provisioned,Europe North,Priority,Subscription,Azure Managed,Premier,Net New,24,No
850144,2026-05-24,2026-05,FY26-Q2,Xenon Labs,SMB,Technology,India,Asia Pacific,Taylor Brooks,Analytics,Executive Reporting,Executive Scorecard Model,50,7675.00,3,4135.00,Direct,Outbound,Booked,Asia Pacific East,Standard,Subscription,Azure Managed,Essentials,Expansion,12,No
850145,2026-05-25,2026-05,FY26-Q2,Yellowtail Resorts,SMB,Hospitality,Mexico,Latin America,Logan Chen,Governance,Security,Access Policy Monitor,19,6200.00,11,3505.00,Renewal Desk,Upsell,Renewal Pending,Latin America South,Priority,Subscription,Hybrid,Essentials,Renewal,36,Yes
850146,2026-05-26,2026-05,FY26-Q2,Zenith Public Works,Public Sector,Government,United States,North America,Morgan Patel,Managed Services,Support,Managed Monitoring Service,3,9225.00,15,5670.00,Direct,Inbound,Invoiced,US West,Priority,Managed Services,Azure Managed,Advanced,Net New,36,No
850147,2026-05-27,2026-05,FY26-Q2,Asteria Foods,MidMarket,Consumer Goods,Spain,Europe,Taylor Brooks,Security,Identity,Identity Guard for Fabric,28,7350.00,5,4115.00,Direct,Outbound,Active,Europe North,Standard,Subscription,Customer Managed,Advanced,Expansion,24,No
850148,2026-05-28,2026-05,FY26-Q2,Borealis Health,Enterprise,Healthcare,Canada,North America,Avery Cole,Analytics,Executive Reporting,Executive Scorecard Model,37,7725.00,14,4120.00,Partner,Referral,Provisioned,US Central,Priority,Subscription,Customer Managed,Premier,Net New,24,No
850149,2026-05-29,2026-05,FY26-Q2,Celestial Motors,Enterprise,Automotive,Germany,Europe,Parker Diaz,Governance,Security,Access Policy Monitor,45,6450.00,2,3615.00,Partner,Referral,Active,Europe North,Priority,Subscription,Azure Managed,Premier,Expansion,36,No
850150,2026-05-30,2026-05,FY26-Q2,Driftline Apparel,SMB,Retail,Australia,Asia Pacific,Cameron Kim,Managed Services,Support,Managed Monitoring Service,2,9225.00,3,5750.00,Renewal Desk,Upsell,Invoiced,Asia Pacific East,Priority,Managed Services,Azure Managed,Advanced,Renewal,36,Yes
850151,2026-05-31,2026-05,FY26-Q2,Eclipse Networks,Enterprise,Telecommunications,United States,North America,Reese Turner,Security,Identity,Identity Guard for Fabric,13,8100.00,2,4405.00,Partner,Referral,Active,US West,Strategic,Subscription,Hybrid,Premier,Net New,12,No
850152,2026-06-01,2026-06,FY26-Q2,Fathom Analytics,MidMarket,Technology,Ireland,Europe,Riley Morgan,Analytics,Executive Reporting,Executive Scorecard Model,20,7575.00,1,4145.00,Marketplace,Upsell,Invoiced,Europe North,Standard,Subscription,Hybrid,Essentials,Expansion,36,No
850153,2026-06-02,2026-06,FY26-Q2,Greatwater Shipping,Enterprise,Logistics,Singapore,Asia Pacific,Taylor Brooks,Governance,Security,Access Policy Monitor,30,6200.00,15,3420.00,Renewal Desk,Inbound,Provisioned,Asia Pacific East,Priority,Subscription,Customer Managed,Premier,Renewal,36,Yes
850154,2026-06-03,2026-06,FY26-Q2,Helios Devices,MidMarket,Manufacturing,Japan,Asia Pacific,Riley Morgan,Managed Services,Support,Managed Monitoring Service,2,9375.00,6,5730.00,Marketplace,Upsell,Invoiced,Asia Pacific East,Standard,Managed Services,Azure Managed,Advanced,Net New,24,No
850155,2026-06-04,2026-06,FY26-Q2,Ironclad Construction,MidMarket,Construction,United Arab Emirates,Middle East & Africa,Casey Singh,Security,Identity,Identity Guard for Fabric,46,7450.00,11,4255.00,Renewal Desk,Inbound,Provisioned,Middle East Hub,Priority,Subscription,Azure Managed,Essentials,Renewal,24,Yes
850156,2026-06-05,2026-06,FY26-Q2,Jetstream Travel,SMB,Travel,United Kingdom,Europe,Quinn Foster,Analytics,Executive Reporting,Executive Scorecard Model,48,7575.00,15,4170.00,Direct,Outbound,Provisioned,Europe North,Standard,Subscription,Azure Managed,Advanced,Net New,36,No
850157,2026-06-06,2026-06,FY26-Q2,Kestrel Finance,Enterprise,Financial Services,United States,North America,Taylor Brooks,Governance,Security,Access Policy Monitor,8,6850.00,5,3625.00,Direct,Outbound,Provisioned,US West,Priority,Subscription,Hybrid,Premier,Expansion,12,No
850158,2026-06-07,2026-06,FY26-Q2,Northstar Education,Public Sector,Education,Canada,North America,Morgan Patel,Managed Services,Support,Managed Monitoring Service,3,9625.00,13,5795.00,Renewal Desk,Upsell,Renewal Pending,US West,Priority,Managed Services,Azure Managed,Premier,Renewal,24,Yes
850159,2026-06-08,2026-06,FY26-Q2,Optima Warehousing,MidMarket,Logistics,Netherlands,Europe,Parker Diaz,Security,Identity,Identity Guard for Fabric,25,7200.00,0,4155.00,Direct,Inbound,Provisioned,Europe North,Standard,Subscription,Customer Managed,Advanced,Net New,36,No
850160,2026-06-09,2026-06,FY26-Q2,Pulse Renewables,Enterprise,Energy,Australia,Asia Pacific,Jordan Reyes,Analytics,Executive Reporting,Executive Scorecard Model,30,7575.00,10,4075.00,Partner,Event,Booked,Asia Pacific East,Priority,Subscription,Customer Managed,Advanced,Expansion,12,No
850161,2026-06-10,2026-06,FY26-Q2,Alpine Manufacturing,Enterprise,Manufacturing,United States,North America,Avery Cole,Platform,Capacity,Capacity Planner Toolkit,41,5350.00,13,2855.00,Renewal Desk,Upsell,Invoiced,US East,Priority,Subscription,Azure Managed,Premier,Renewal,36,Yes
850162,2026-06-11,2026-06,FY26-Q2,Bluebird Retail,MidMarket,Retail,Canada,North America,Morgan Patel,Services,Training,Training Accelerator,4,7125.00,8,3640.00,Partner,Referral,Invoiced,US Central,Standard,Professional Services,Hybrid,Advanced,Expansion,12,No
850163,2026-06-12,2026-06,FY26-Q2,Canyon Health,Enterprise,Healthcare,United States,North America,Casey Singh,Lakehouse,Foundation,Lakehouse Foundation,48,5700.00,20,3120.00,Renewal Desk,Inbound,Provisioned,US Central,Priority,Subscription,Customer Managed,Premier,Renewal,24,Yes
850164,2026-06-13,2026-06,FY26-Q2,Delta Logistics,MidMarket,Logistics,Germany,Europe,Cameron Kim,AI,Recommendations,Recommendation Studio,11,9425.00,15,5160.00,Partner,Referral,Invoiced,Europe North,Standard,Subscription,Customer Managed,Essentials,Net New,24,No
850165,2026-06-14,2026-06,FY26-Q2,Evergreen Schools,Public Sector,Education,United States,North America,Jordan Reyes,Platform,Capacity,Capacity Planner Toolkit,20,5100.00,6,2760.00,Marketplace,Upsell,Provisioned,US Central,Priority,Subscription,Customer Managed,Premier,Expansion,36,No
850166,2026-06-15,2026-06,FY26-Q2,Frontier Energy,Enterprise,Energy,United Kingdom,Europe,Logan Chen,Services,Training,Training Accelerator,8,7075.00,8,3655.00,Renewal Desk,Upsell,Provisioned,Europe West,Priority,Professional Services,Azure Managed,Premier,Renewal,3,Yes
850167,2026-06-16,2026-06,FY26-Q2,Granite Aerospace,Enterprise,Aerospace,United States,North America,Taylor Brooks,Lakehouse,Foundation,Lakehouse Foundation,34,6100.00,10,3325.00,Direct,Outbound,Active,US West,Priority,Subscription,Hybrid,Premier,Net New,24,No
850168,2026-06-17,2026-06,FY26-Q2,Harbor Foods,SMB,Consumer Goods,Brazil,Latin America,Riley Morgan,AI,Recommendations,Recommendation Studio,36,9975.00,8,5460.00,Marketplace,Upsell,Provisioned,Latin America South,Standard,Subscription,Hybrid,Advanced,Expansion,24,No
850169,2026-06-18,2026-06,FY26-Q2,Ion Medical,Enterprise,Healthcare,Singapore,Asia Pacific,Skyler Bennett,Platform,Capacity,Capacity Planner Toolkit,42,5650.00,12,2965.00,Direct,Outbound,Provisioned,Asia Pacific East,Priority,Subscription,Hybrid,Premier,Net New,24,No
850170,2026-06-19,2026-06,FY26-Q2,Juniper Telecom,MidMarket,Telecommunications,Australia,Asia Pacific,Reese Turner,Services,Training,Training Accelerator,4,6505.00,10,3380.00,Direct,Inbound,Provisioned,Asia Pacific South,Standard,Professional Services,Customer Managed,Essentials,Expansion,6,No
850171,2026-06-20,2026-06,FY26-Q2,Kepler Robotics,Enterprise,Technology,Japan,Asia Pacific,Riley Morgan,Lakehouse,Foundation,Lakehouse Foundation,14,6050.00,5,3255.00,Renewal Desk,Inbound,Invoiced,Asia Pacific East,Priority,Subscription,Azure Managed,Premier,Renewal,12,Yes
850172,2026-06-21,2026-06,FY26-Q2,Lighthouse Media,SMB,Media,United Kingdom,Europe,Jordan Reyes,AI,Recommendations,Recommendation Studio,22,9675.00,3,5390.00,Direct,Outbound,Provisioned,Europe North,Standard,Subscription,Azure Managed,Advanced,Net New,36,No
850173,2026-06-22,2026-06,FY26-Q2,Meridian Mining,Enterprise,Mining,South Africa,Middle East & Africa,Casey Singh,Platform,Capacity,Capacity Planner Toolkit,28,5250.00,5,2810.00,Partner,Event,Booked,Middle East Hub,Priority,Subscription,Azure Managed,Advanced,Expansion,24,No
850174,2026-06-23,2026-06,FY26-Q2,Nimbus Hotels,MidMarket,Hospitality,United Arab Emirates,Middle East & Africa,Avery Cole,Services,Training,Training Accelerator,8,7055.00,6,3680.00,Renewal Desk,Upsell,Invoiced,Africa South,Priority,Professional Services,Hybrid,Advanced,Renewal,6,Yes
850175,2026-06-24,2026-06,FY26-Q2,Orchard Biotech,Enterprise,Biotech,United States,North America,Quinn Foster,Lakehouse,Foundation,Lakehouse Foundation,42,5700.00,10,3160.00,Marketplace,Upsell,Active,US Central,Priority,Subscription,Customer Managed,Premier,Net New,24,No
850176,2026-06-25,2026-06,FY26-Q2,Pioneer Insurance,MidMarket,Insurance,Canada,North America,Logan Chen,AI,Recommendations,Recommendation Studio,5,9575.00,13,5195.00,Renewal Desk,Upsell,Invoiced,US Central,Priority,Subscription,Customer Managed,Advanced,Renewal,24,Yes
850177,2026-06-26,2026-06,FY26-Q2,Quantum Freight,Enterprise,Logistics,Germany,Europe,Skyler Bennett,Platform,Capacity,Capacity Planner Toolkit,10,5100.00,12,2700.00,Marketplace,Upsell,Active,Europe North,Priority,Subscription,Customer Managed,Premier,Net New,36,No
850178,2026-06-27,2026-06,FY26-Q2,Redwood Capital,Enterprise,Financial Services,United States,North America,Logan Chen,Services,Training,Training Accelerator,4,6825.00,15,3610.00,Marketplace,Inbound,Booked,US West,Priority,Professional Services,Azure Managed,Advanced,Expansion,3,No
850179,2026-06-28,2026-06,FY26-Q2,Summit Utilities,Public Sector,Utilities,United Kingdom,Europe,Morgan Patel,Lakehouse,Foundation,Lakehouse Foundation,25,5850.00,13,3280.00,Renewal Desk,Upsell,Renewal Pending,Europe North,Priority,Subscription,Hybrid,Advanced,Renewal,24,Yes
850180,2026-06-29,2026-06,FY26-Q2,Tidal Commerce,SMB,Retail,Singapore,Asia Pacific,Casey Singh,AI,Recommendations,Recommendation Studio,30,9675.00,3,5405.00,Marketplace,Upsell,Booked,Asia Pacific East,Standard,Subscription,Hybrid,Essentials,Net New,36,No
850181,2026-06-30,2026-06,FY26-Q2,Umbra Security,MidMarket,Cybersecurity,Israel,Middle East & Africa,Morgan Patel,Platform,Capacity,Capacity Planner Toolkit,37,5250.00,3,2725.00,Direct,Inbound,Invoiced,Middle East Hub,Standard,Subscription,Hybrid,Essentials,Expansion,24,No
850182,2026-07-01,2026-07,FY26-Q3,Vector Mobility,Enterprise,Transportation,Japan,Asia Pacific,Reese Turner,Services,Training,Training Accelerator,8,6575.00,13,3415.00,Renewal Desk,Upsell,Renewal Pending,Asia Pacific South,Priority,Professional Services,Customer Managed,Advanced,Renewal,3,Yes
850183,2026-07-02,2026-07,FY26-Q3,Westbridge Pharma,Enterprise,Pharmaceuticals,Switzerland,Europe,Casey Singh,Lakehouse,Foundation,Lakehouse Foundation,8,5800.00,14,3295.00,Partner,Event,Provisioned,Europe North,Priority,Subscription,Azure Managed,Premier,Expansion,36,No
850184,2026-07-03,2026-07,FY26-Q3,Xenon Labs,SMB,Technology,India,Asia Pacific,Casey Singh,AI,Recommendations,Recommendation Studio,8,9675.00,18,5335.00,Renewal Desk,Inbound,Renewal Pending,Asia Pacific East,Priority,Subscription,Azure Managed,Essentials,Renewal,24,Yes
850185,2026-07-04,2026-07,FY26-Q3,Yellowtail Resorts,SMB,Hospitality,Mexico,Latin America,Reese Turner,Platform,Capacity,Capacity Planner Toolkit,23,5200.00,15,2755.00,Partner,Referral,Invoiced,Latin America South,Standard,Subscription,Azure Managed,Essentials,Net New,12,No
850186,2026-07-05,2026-07,FY26-Q3,Zenith Public Works,Public Sector,Government,United States,North America,Logan Chen,Services,Training,Training Accelerator,4,6975.00,8,3620.00,Partner,Referral,Booked,US Central,Priority,Professional Services,Hybrid,Advanced,Expansion,3,No
850187,2026-07-06,2026-07,FY26-Q3,Asteria Foods,MidMarket,Consumer Goods,Spain,Europe,Casey Singh,Lakehouse,Foundation,Lakehouse Foundation,32,5300.00,6,3015.00,Renewal Desk,Inbound,Provisioned,Europe North,Priority,Subscription,Customer Managed,Advanced,Renewal,36,Yes
850188,2026-07-07,2026-07,FY26-Q3,Borealis Health,Enterprise,Healthcare,Canada,North America,Cameron Kim,AI,Recommendations,Recommendation Studio,41,9675.00,10,5320.00,Partner,Referral,Provisioned,US Central,Strategic,Subscription,Customer Managed,Premier,Net New,36,No
850189,2026-07-08,2026-07,FY26-Q3,Celestial Motors,Enterprise,Automotive,Germany,Europe,Avery Cole,Platform,Capacity,Capacity Planner Toolkit,49,5350.00,8,2740.00,Marketplace,Inbound,Active,Europe North,Priority,Subscription,Customer Managed,Premier,Expansion,12,No
850190,2026-07-09,2026-07,FY26-Q3,Driftline Apparel,SMB,Retail,Australia,Asia Pacific,Parker Diaz,Services,Training,Training Accelerator,8,6675.00,8,3555.00,Marketplace,Inbound,Invoiced,Asia Pacific South,Standard,Professional Services,Azure Managed,Essentials,Net New,3,No
850191,2026-07-10,2026-07,FY26-Q3,Eclipse Networks,Enterprise,Telecommunications,United States,North America,Morgan Patel,Lakehouse,Foundation,Lakehouse Foundation,17,6100.00,17,3305.00,Direct,Inbound,Active,US West,Priority,Subscription,Hybrid,Premier,Expansion,24,No
850192,2026-07-11,2026-07,FY26-Q3,Fathom Analytics,MidMarket,Technology,Ireland,Europe,Quinn Foster,AI,Recommendations,Recommendation Studio,24,9925.00,18,5345.00,Renewal Desk,Inbound,Provisioned,Europe North,Priority,Subscription,Hybrid,Essentials,Renewal,12,Yes
850193,2026-07-12,2026-07,FY26-Q3,Greatwater Shipping,Enterprise,Logistics,Singapore,Asia Pacific,Casey Singh,Platform,Capacity,Capacity Planner Toolkit,34,5750.00,2,2945.00,Direct,Outbound,Provisioned,Asia Pacific East,Priority,Subscription,Hybrid,Premier,Net New,12,No
850194,2026-07-13,2026-07,FY26-Q3,Helios Devices,MidMarket,Manufacturing,Japan,Asia Pacific,Quinn Foster,Services,Training,Training Accelerator,4,6575.00,0,3360.00,Direct,Outbound,Booked,Asia Pacific South,Standard,Professional Services,Customer Managed,Essentials,Expansion,12,No
850195,2026-07-14,2026-07,FY26-Q3,Ironclad Construction,MidMarket,Construction,United Arab Emirates,Middle East & Africa,Skyler Bennett,Lakehouse,Foundation,Lakehouse Foundation,50,5400.00,8,3155.00,Renewal Desk,Inbound,Invoiced,Middle East Hub,Priority,Subscription,Azure Managed,Essentials,Renewal,36,Yes
850196,2026-07-15,2026-07,FY26-Q3,Jetstream Travel,SMB,Travel,United Kingdom,Europe,Jordan Reyes,AI,Recommendations,Recommendation Studio,6,9925.00,10,5370.00,Direct,Outbound,Provisioned,Europe North,Standard,Subscription,Azure Managed,Advanced,Net New,12,No
850197,2026-07-16,2026-07,FY26-Q3,Kestrel Finance,Enterprise,Financial Services,United States,North America,Casey Singh,Platform,Capacity,Capacity Planner Toolkit,12,5500.00,15,2875.00,Renewal Desk,Inbound,Invoiced,US East,Priority,Subscription,Azure Managed,Premier,Renewal,24,Yes
850198,2026-07-17,2026-07,FY26-Q3,Northstar Education,Public Sector,Education,Canada,North America,Logan Chen,Services,Training,Training Accelerator,8,7375.00,3,3745.00,Partner,Referral,Booked,US Central,Priority,Professional Services,Hybrid,Premier,Net New,12,No
850199,2026-07-18,2026-07,FY26-Q3,Optima Warehousing,MidMarket,Logistics,Netherlands,Europe,Avery Cole,Lakehouse,Foundation,Lakehouse Foundation,29,5550.00,13,3055.00,Marketplace,Inbound,Provisioned,Europe North,Standard,Subscription,Customer Managed,Advanced,Expansion,12,No
850200,2026-07-19,2026-07,FY26-Q3,Pulse Renewables,Enterprise,Energy,Australia,Asia Pacific,Riley Morgan,AI,Recommendations,Recommendation Studio,34,9575.00,8,5275.00,Renewal Desk,Inbound,Invoiced,Asia Pacific East,Strategic,Subscription,Customer Managed,Advanced,Renewal,24,Yes
850201,2026-07-20,2026-07,FY26-Q3,Alpine Manufacturing,Enterprise,Manufacturing,United States,North America,Cameron Kim,Managed Services,Backup,Recovery Assurance Service,2,10500.00,7,6255.00,Partner,Referral,Provisioned,US West,Strategic,Managed Services,Azure Managed,Premier,Net New,12,No
850202,2026-07-21,2026-07,FY26-Q3,Bluebird Retail,MidMarket,Retail,Canada,North America,Logan Chen,Data Integration,Pipelines,API Ingestion Hub,47,3775.00,3,2090.00,Marketplace,Inbound,Active,US East,Standard,Subscription,Azure Managed,Advanced,Expansion,12,No
850203,2026-07-22,2026-07,FY26-Q3,Canyon Health,Enterprise,Healthcare,United States,North America,Skyler Bennett,Analytics,Operations,Operations Command Dashboard,6,7550.00,15,4045.00,Renewal Desk,Inbound,Provisioned,US West,Priority,Subscription,Hybrid,Premier,Renewal,36,Yes
850204,2026-07-23,2026-07,FY26-Q3,Delta Logistics,MidMarket,Logistics,Germany,Europe,Parker Diaz,Automation,Workflows,Workflow Orchestrator,15,6675.00,10,3785.00,Marketplace,Inbound,Invoiced,Europe North,Standard,Subscription,Hybrid,Essentials,Expansion,36,No
850205,2026-07-24,2026-07,FY26-Q3,Evergreen Schools,Public Sector,Education,United States,North America,Riley Morgan,Managed Services,Backup,Recovery Assurance Service,2,10500.00,8,6335.00,Renewal Desk,Inbound,Provisioned,US East,Priority,Managed Services,Azure Managed,Premier,Renewal,12,Yes
850206,2026-07-25,2026-07,FY26-Q3,Frontier Energy,Enterprise,Energy,United Kingdom,Europe,Reese Turner,Data Integration,Pipelines,API Ingestion Hub,29,3675.00,2,1980.00,Direct,Inbound,Active,Europe North,Priority,Subscription,Customer Managed,Premier,Net New,24,No
850207,2026-07-26,2026-07,FY26-Q3,Granite Aerospace,Enterprise,Aerospace,United States,North America,Casey Singh,Analytics,Operations,Operations Command Dashboard,38,7400.00,5,3975.00,Direct,Outbound,Active,US East,Priority,Subscription,Azure Managed,Premier,Expansion,36,No
850208,2026-07-27,2026-07,FY26-Q3,Harbor Foods,SMB,Consumer Goods,Brazil,Latin America,Quinn Foster,Automation,Workflows,Workflow Orchestrator,40,6675.00,11,3810.00,Renewal Desk,Inbound,Renewal Pending,Latin America South,Priority,Subscription,Azure Managed,Advanced,Renewal,36,Yes
850209,2026-07-28,2026-07,FY26-Q3,Ion Medical,Enterprise,Healthcare,Singapore,Asia Pacific,Taylor Brooks,Managed Services,Backup,Recovery Assurance Service,1,10250.00,10,6315.00,Direct,Outbound,Provisioned,Asia Pacific East,Strategic,Managed Services,Azure Managed,Premier,Net New,36,No
850210,2026-07-29,2026-07,FY26-Q3,Juniper Telecom,MidMarket,Telecommunications,Australia,Asia Pacific,Morgan Patel,Data Integration,Pipelines,API Ingestion Hub,11,3525.00,8,2105.00,Partner,Referral,Invoiced,Asia Pacific East,Standard,Subscription,Hybrid,Essentials,Expansion,36,No
850211,2026-07-30,2026-07,FY26-Q3,Kepler Robotics,Enterprise,Technology,Japan,Asia Pacific,Quinn Foster,Analytics,Operations,Operations Command Dashboard,18,7300.00,14,3780.00,Partner,Event,Active,Asia Pacific East,Priority,Subscription,Customer Managed,Premier,Net New,24,No
850212,2026-07-31,2026-07,FY26-Q3,Lighthouse Media,SMB,Media,United Kingdom,Europe,Riley Morgan,Automation,Workflows,Workflow Orchestrator,26,6675.00,0,3615.00,Partner,Event,Provisioned,Europe North,Standard,Subscription,Customer Managed,Advanced,Expansion,12,No
850213,2026-08-01,2026-08,FY26-Q3,Meridian Mining,Enterprise,Mining,South Africa,Middle East & Africa,Skyler Bennett,Managed Services,Backup,Recovery Assurance Service,1,10000.00,5,6210.00,Renewal Desk,Inbound,Invoiced,Middle East Hub,Strategic,Managed Services,Azure Managed,Advanced,Renewal,36,Yes
850214,2026-08-02,2026-08,FY26-Q3,Nimbus Hotels,MidMarket,Hospitality,United Arab Emirates,Middle East & Africa,Cameron Kim,Data Integration,Pipelines,API Ingestion Hub,37,3525.00,0,2130.00,Marketplace,Inbound,Provisioned,Middle East Hub,Standard,Subscription,Azure Managed,Advanced,Net New,36,No
850215,2026-08-03,2026-08,FY26-Q3,Orchard Biotech,Enterprise,Biotech,United States,North America,Jordan Reyes,Analytics,Operations,Operations Command Dashboard,46,7550.00,5,4085.00,Marketplace,Upsell,Active,US West,Priority,Subscription,Hybrid,Premier,Expansion,36,No
850216,2026-08-04,2026-08,FY26-Q3,Pioneer Insurance,MidMarket,Insurance,Canada,North America,Reese Turner,Automation,Workflows,Workflow Orchestrator,9,6825.00,11,3820.00,Renewal Desk,Upsell,Provisioned,US West,Priority,Subscription,Hybrid,Advanced,Renewal,36,Yes
850217,2026-08-05,2026-08,FY26-Q3,Quantum Freight,Enterprise,Logistics,Germany,Europe,Taylor Brooks,Managed Services,Backup,Recovery Assurance Service,3,10500.00,10,6275.00,Marketplace,Upsell,Active,Europe North,Strategic,Managed Services,Azure Managed,Premier,Net New,12,No
850218,2026-08-06,2026-08,FY26-Q3,Redwood Capital,Enterprise,Financial Services,United States,North America,Reese Turner,Data Integration,Pipelines,API Ingestion Hub,21,3425.00,17,1935.00,Renewal Desk,Upsell,Renewal Pending,US Central,Priority,Subscription,Customer Managed,Advanced,Renewal,24,Yes
850219,2026-08-07,2026-08,FY26-Q3,Summit Utilities,Public Sector,Utilities,United Kingdom,Europe,Logan Chen,Analytics,Operations,Operations Command Dashboard,29,7150.00,5,3930.00,Direct,Inbound,Booked,Europe North,Priority,Subscription,Azure Managed,Advanced,Net New,36,No
850220,2026-08-08,2026-08,FY26-Q3,Tidal Commerce,SMB,Retail,Singapore,Asia Pacific,Skyler Bennett,Automation,Workflows,Workflow Orchestrator,34,6775.00,3,3755.00,Direct,Outbound,Booked,Asia Pacific East,Standard,Subscription,Azure Managed,Essentials,Expansion,12,No
850221,2026-08-09,2026-08,FY26-Q3,Umbra Security,MidMarket,Cybersecurity,Israel,Middle East & Africa,Logan Chen,Managed Services,Backup,Recovery Assurance Service,1,10000.00,3,6170.00,Renewal Desk,Upsell,Renewal Pending,Middle East Hub,Priority,Managed Services,Azure Managed,Advanced,Renewal,36,Yes
850222,2026-08-10,2026-08,FY26-Q3,Vector Mobility,Enterprise,Transportation,Japan,Asia Pacific,Morgan Patel,Data Integration,Pipelines,API Ingestion Hub,49,3825.00,7,2140.00,Partner,Referral,Invoiced,Asia Pacific East,Priority,Subscription,Hybrid,Advanced,Net New,24,No
850223,2026-08-11,2026-08,FY26-Q3,Westbridge Pharma,Enterprise,Pharmaceuticals,Switzerland,Europe,Skyler Bennett,Analytics,Operations,Operations Command Dashboard,12,7400.00,10,3820.00,Partner,Event,Provisioned,Europe North,Priority,Subscription,Customer Managed,Premier,Expansion,12,No
850224,2026-08-12,2026-08,FY26-Q3,Xenon Labs,SMB,Technology,India,Asia Pacific,Skyler Bennett,Automation,Workflows,Workflow Orchestrator,12,6275.00,15,3560.00,Renewal Desk,Inbound,Invoiced,Asia Pacific East,Priority,Subscription,Customer Managed,Essentials,Renewal,36,Yes
850225,2026-08-13,2026-08,FY26-Q3,Yellowtail Resorts,SMB,Hospitality,Mexico,Latin America,Morgan Patel,Managed Services,Backup,Recovery Assurance Service,2,10150.00,12,6250.00,Partner,Referral,Invoiced,Latin America South,Standard,Managed Services,Azure Managed,Advanced,Expansion,24,No
850226,2026-08-14,2026-08,FY26-Q3,Zenith Public Works,Public Sector,Government,United States,North America,Reese Turner,Data Integration,Pipelines,API Ingestion Hub,35,3675.00,8,2070.00,Renewal Desk,Upsell,Provisioned,US East,Priority,Subscription,Azure Managed,Advanced,Renewal,24,Yes
850227,2026-08-15,2026-08,FY26-Q3,Asteria Foods,MidMarket,Consumer Goods,Spain,Europe,Skyler Bennett,Analytics,Operations,Operations Command Dashboard,36,7550.00,13,3940.00,Marketplace,Upsell,Active,Europe North,Standard,Subscription,Hybrid,Advanced,Net New,12,No
850228,2026-08-16,2026-08,FY26-Q3,Borealis Health,Enterprise,Healthcare,Canada,North America,Parker Diaz,Automation,Workflows,Workflow Orchestrator,45,7325.00,5,3945.00,Marketplace,Inbound,Provisioned,US West,Priority,Subscription,Hybrid,Premier,Expansion,12,No
850229,2026-08-17,2026-08,FY26-Q3,Celestial Motors,Enterprise,Automotive,Germany,Europe,Cameron Kim,Managed Services,Backup,Recovery Assurance Service,3,10400.00,10,6315.00,Renewal Desk,Upsell,Provisioned,Europe North,Strategic,Managed Services,Azure Managed,Premier,Renewal,24,Yes
850230,2026-08-18,2026-08,FY26-Q3,Driftline Apparel,SMB,Retail,Australia,Asia Pacific,Avery Cole,Data Integration,Pipelines,API Ingestion Hub,15,3275.00,8,1880.00,Direct,Inbound,Invoiced,Asia Pacific East,Standard,Subscription,Customer Managed,Essentials,Net New,24,No
850231,2026-08-19,2026-08,FY26-Q3,Eclipse Networks,Enterprise,Telecommunications,United States,North America,Logan Chen,Analytics,Operations,Operations Command Dashboard,21,7400.00,12,3955.00,Direct,Inbound,Active,US East,Priority,Subscription,Azure Managed,Premier,Expansion,36,No
850232,2026-08-20,2026-08,FY26-Q3,Fathom Analytics,MidMarket,Technology,Ireland,Europe,Jordan Reyes,Automation,Workflows,Workflow Orchestrator,28,6675.00,12,3695.00,Direct,Outbound,Invoiced,Europe North,Standard,Subscription,Azure Managed,Essentials,Net New,24,No
850233,2026-08-21,2026-08,FY26-Q3,Greatwater Shipping,Enterprise,Logistics,Singapore,Asia Pacific,Skyler Bennett,Managed Services,Backup,Recovery Assurance Service,1,10400.00,17,6295.00,Direct,Outbound,Provisioned,Asia Pacific East,Strategic,Managed Services,Azure Managed,Premier,Expansion,24,No
850234,2026-08-22,2026-08,FY26-Q3,Helios Devices,MidMarket,Manufacturing,Japan,Asia Pacific,Jordan Reyes,Data Integration,Pipelines,API Ingestion Hub,40,3775.00,18,2085.00,Renewal Desk,Inbound,Invoiced,Asia Pacific East,Priority,Subscription,Hybrid,Essentials,Renewal,12,Yes
850235,2026-08-23,2026-08,FY26-Q3,Ironclad Construction,MidMarket,Construction,United Arab Emirates,Middle East & Africa,Taylor Brooks,Analytics,Operations,Operations Command Dashboard,8,7000.00,0,3680.00,Partner,Event,Invoiced,Middle East Hub,Standard,Subscription,Customer Managed,Essentials,Net New,12,No
850236,2026-08-24,2026-08,FY26-Q3,Jetstream Travel,SMB,Travel,United Kingdom,Europe,Riley Morgan,Automation,Workflows,Workflow Orchestrator,10,6575.00,8,3595.00,Partner,Event,Provisioned,Europe North,Standard,Subscription,Customer Managed,Advanced,Expansion,24,No
850237,2026-08-25,2026-08,FY26-Q3,Kestrel Finance,Enterprise,Financial Services,United States,North America,Skyler Bennett,Managed Services,Backup,Recovery Assurance Service,2,10250.00,13,6275.00,Renewal Desk,Inbound,Invoiced,US West,Strategic,Managed Services,Azure Managed,Premier,Renewal,36,Yes
850238,2026-08-26,2026-08,FY26-Q3,Northstar Education,Public Sector,Education,Canada,North America,Reese Turner,Data Integration,Pipelines,API Ingestion Hub,27,4025.00,0,2195.00,Marketplace,Inbound,Active,US East,Priority,Subscription,Azure Managed,Premier,Net New,12,No
850239,2026-08-27,2026-08,FY26-Q3,Optima Warehousing,MidMarket,Logistics,Netherlands,Europe,Cameron Kim,Analytics,Operations,Operations Command Dashboard,33,7450.00,13,3980.00,Renewal Desk,Upsell,Provisioned,Europe North,Priority,Subscription,Hybrid,Advanced,Renewal,24,Yes
850240,2026-08-28,2026-08,FY26-Q3,Pulse Renewables,Enterprise,Energy,Australia,Asia Pacific,Quinn Foster,Automation,Workflows,Workflow Orchestrator,38,6825.00,0,3900.00,Marketplace,Upsell,Booked,Asia Pacific East,Priority,Subscription,Hybrid,Advanced,Net New,36,No
850241,2026-08-29,2026-08,FY26-Q3,Alpine Manufacturing,Enterprise,Manufacturing,United States,North America,Parker Diaz,Security,Compliance,Compliance Evidence Hub,49,8250.00,15,4580.00,Marketplace,Inbound,Provisioned,US Central,Strategic,Subscription,Customer Managed,Premier,Expansion,24,No
850242,2026-08-30,2026-08,FY26-Q3,Bluebird Retail,MidMarket,Retail,Canada,North America,Reese Turner,Lakehouse,Optimization,Delta Optimization Pack,5,6325.00,3,3515.00,Renewal Desk,Upsell,Renewal Pending,US Central,Priority,Subscription,Customer Managed,Advanced,Renewal,24,Yes
850243,2026-08-31,2026-08,FY26-Q3,Canyon Health,Enterprise,Healthcare,United States,North America,Taylor Brooks,Governance,Catalog,Data Catalog Accelerator,10,6450.00,8,3395.00,Marketplace,Upsell,Active,US East,Priority,Subscription,Azure Managed,Premier,Net New,12,No
850244,2026-09-01,2026-09,FY26-Q3,Delta Logistics,MidMarket,Logistics,Germany,Europe,Avery Cole,Platform,Enablement,Fabric Enablement Bundle,19,7825.00,3,4260.00,Direct,Inbound,Invoiced,Europe West,Standard,Subscription,Customer Managed,Essentials,Expansion,12,No
850245,2026-09-02,2026-09,FY26-Q3,Evergreen Schools,Public Sector,Education,United States,North America,Quinn Foster,Security,Compliance,Compliance Evidence Hub,28,8650.00,18,4885.00,Renewal Desk,Inbound,Renewal Pending,US West,Priority,Subscription,Hybrid,Premier,Renewal,24,Yes
850246,2026-09-03,2026-09,FY26-Q3,Frontier Energy,Enterprise,Energy,United Kingdom,Europe,Morgan Patel,Lakehouse,Optimization,Delta Optimization Pack,33,6825.00,14,3805.00,Partner,Referral,Active,Europe West,Priority,Subscription,Hybrid,Premier,Expansion,36,No
850247,2026-09-04,2026-09,FY26-Q3,Granite Aerospace,Enterprise,Aerospace,United States,North America,Skyler Bennett,Governance,Catalog,Data Catalog Accelerator,42,6200.00,5,3200.00,Renewal Desk,Inbound,Renewal Pending,US Central,Priority,Subscription,Customer Managed,Premier,Renewal,12,Yes
850248,2026-09-05,2026-09,FY26-Q3,Harbor Foods,SMB,Consumer Goods,Brazil,Latin America,Jordan Reyes,Platform,Enablement,Fabric Enablement Bundle,44,8375.00,15,4560.00,Partner,Event,Provisioned,Latin America South,Standard,Subscription,Hybrid,Advanced,Net New,12,No
850249,2026-09-06,2026-09,FY26-Q3,Ion Medical,Enterprise,Healthcare,Singapore,Asia Pacific,Casey Singh,Security,Compliance,Compliance Evidence Hub,50,8600.00,2,4815.00,Partner,Event,Provisioned,Asia Pacific East,Strategic,Subscription,Azure Managed,Premier,Expansion,12,No
850250,2026-09-07,2026-09,FY26-Q3,Juniper Telecom,MidMarket,Telecommunications,Australia,Asia Pacific,Logan Chen,Lakehouse,Optimization,Delta Optimization Pack,15,6525.00,6,3655.00,Renewal Desk,Upsell,Provisioned,Asia Pacific South,Priority,Subscription,Azure Managed,Essentials,Renewal,12,Yes
850251,2026-09-08,2026-09,FY26-Q3,Kepler Robotics,Enterprise,Technology,Japan,Asia Pacific,Jordan Reyes,Governance,Catalog,Data Catalog Accelerator,22,6350.00,12,3405.00,Partner,Event,Active,Asia Pacific South,Priority,Subscription,Hybrid,Premier,Net New,36,No
850252,2026-09-09,2026-09,FY26-Q3,Lighthouse Media,SMB,Media,United Kingdom,Europe,Quinn Foster,Platform,Enablement,Fabric Enablement Bundle,30,8125.00,6,4490.00,Marketplace,Upsell,Provisioned,Europe West,Standard,Subscription,Azure Managed,Advanced,Expansion,24,No
850253,2026-09-10,2026-09,FY26-Q3,Meridian Mining,Enterprise,Mining,South Africa,Middle East & Africa,Taylor Brooks,Security,Compliance,Compliance Evidence Hub,36,8100.00,10,4535.00,Marketplace,Upsell,Booked,Middle East Hub,Strategic,Subscription,Customer Managed,Advanced,Net New,12,No
850254,2026-09-11,2026-09,FY26-Q3,Nimbus Hotels,MidMarket,Hospitality,United Arab Emirates,Middle East & Africa,Parker Diaz,Lakehouse,Optimization,Delta Optimization Pack,41,6425.00,12,3555.00,Direct,Inbound,Provisioned,Africa South,Standard,Subscription,Customer Managed,Advanced,Expansion,12,No
850255,2026-09-12,2026-09,FY26-Q3,Orchard Biotech,Enterprise,Biotech,United States,North America,Riley Morgan,Governance,Catalog,Data Catalog Accelerator,50,6450.00,8,3435.00,Renewal Desk,Inbound,Provisioned,US East,Priority,Subscription,Azure Managed,Premier,Renewal,12,Yes
850256,2026-09-13,2026-09,FY26-Q3,Pioneer Insurance,MidMarket,Insurance,Canada,North America,Morgan Patel,Platform,Enablement,Fabric Enablement Bundle,13,7975.00,15,4295.00,Direct,Inbound,Provisioned,US Central,Standard,Subscription,Customer Managed,Advanced,Net New,12,No
850257,2026-09-14,2026-09,FY26-Q3,Quantum Freight,Enterprise,Logistics,Germany,Europe,Casey Singh,Security,Compliance,Compliance Evidence Hub,18,8650.00,5,4825.00,Direct,Outbound,Active,Europe North,Strategic,Subscription,Hybrid,Premier,Expansion,24,No
850258,2026-09-15,2026-09,FY26-Q3,Redwood Capital,Enterprise,Financial Services,United States,North America,Morgan Patel,Lakehouse,Optimization,Delta Optimization Pack,25,6575.00,13,3760.00,Renewal Desk,Upsell,Invoiced,US West,Priority,Subscription,Hybrid,Advanced,Renewal,36,Yes
850259,2026-09-16,2026-09,FY26-Q3,Summit Utilities,Public Sector,Utilities,United Kingdom,Europe,Reese Turner,Governance,Catalog,Data Catalog Accelerator,33,5950.00,3,3155.00,Direct,Inbound,Booked,Europe West,Priority,Subscription,Customer Managed,Advanced,Net New,12,No
850260,2026-09-17,2026-09,FY26-Q3,Tidal Commerce,SMB,Retail,Singapore,Asia Pacific,Taylor Brooks,Platform,Enablement,Fabric Enablement Bundle,38,8125.00,13,4505.00,Renewal Desk,Inbound,Invoiced,Asia Pacific South,Priority,Subscription,Hybrid,Essentials,Renewal,24,Yes
850261,2026-09-18,2026-09,FY26-Q3,Umbra Security,MidMarket,Cybersecurity,Israel,Middle East & Africa,Reese Turner,Security,Compliance,Compliance Evidence Hub,45,8200.00,10,4575.00,Partner,Referral,Invoiced,Middle East Hub,Standard,Subscription,Azure Managed,Essentials,Net New,12,No
850262,2026-09-19,2026-09,FY26-Q3,Vector Mobility,Enterprise,Transportation,Japan,Asia Pacific,Logan Chen,Lakehouse,Optimization,Delta Optimization Pack,7,6425.00,0,3690.00,Marketplace,Inbound,Invoiced,Asia Pacific South,Priority,Subscription,Azure Managed,Advanced,Expansion,36,No
850263,2026-09-20,2026-09,FY26-Q3,Westbridge Pharma,Enterprise,Pharmaceuticals,Switzerland,Europe,Taylor Brooks,Governance,Catalog,Data Catalog Accelerator,16,6500.00,10,3445.00,Renewal Desk,Inbound,Invoiced,Europe West,Priority,Subscription,Hybrid,Premier,Renewal,24,Yes
850264,2026-09-21,2026-09,FY26-Q3,Xenon Labs,SMB,Technology,India,Asia Pacific,Taylor Brooks,Platform,Enablement,Fabric Enablement Bundle,16,8075.00,1,4435.00,Marketplace,Upsell,Booked,Asia Pacific South,Standard,Subscription,Azure Managed,Essentials,Net New,12,No
850265,2026-09-22,2026-09,FY26-Q3,Yellowtail Resorts,SMB,Hospitality,Mexico,Latin America,Logan Chen,Security,Compliance,Compliance Evidence Hub,31,7700.00,3,4480.00,Marketplace,Inbound,Invoiced,Latin America South,Standard,Subscription,Customer Managed,Essentials,Expansion,36,No
850266,2026-09-23,2026-09,FY26-Q3,Zenith Public Works,Public Sector,Government,United States,North America,Morgan Patel,Lakehouse,Optimization,Delta Optimization Pack,39,6175.00,3,3495.00,Renewal Desk,Upsell,Renewal Pending,US Central,Priority,Subscription,Customer Managed,Advanced,Renewal,36,Yes
850267,2026-09-24,2026-09,FY26-Q3,Asteria Foods,MidMarket,Consumer Goods,Spain,Europe,Taylor Brooks,Governance,Catalog,Data Catalog Accelerator,40,6100.00,10,3290.00,Marketplace,Upsell,Active,Europe West,Standard,Subscription,Azure Managed,Advanced,Expansion,24,No
850268,2026-09-25,2026-09,FY26-Q3,Borealis Health,Enterprise,Healthcare,Canada,North America,Avery Cole,Platform,Enablement,Fabric Enablement Bundle,49,8125.00,17,4420.00,Renewal Desk,Upsell,Renewal Pending,US Central,Strategic,Subscription,Customer Managed,Premier,Renewal,24,Yes
850269,2026-09-26,2026-09,FY26-Q3,Celestial Motors,Enterprise,Automotive,Germany,Europe,Parker Diaz,Security,Compliance,Compliance Evidence Hub,11,8500.00,17,4865.00,Direct,Inbound,Active,Europe North,Strategic,Subscription,Hybrid,Premier,Net New,36,No
850270,2026-09-27,2026-09,FY26-Q3,Driftline Apparel,SMB,Retail,Australia,Asia Pacific,Cameron Kim,Lakehouse,Optimization,Delta Optimization Pack,19,6425.00,3,3705.00,Partner,Referral,Invoiced,Asia Pacific South,Standard,Subscription,Hybrid,Essentials,Expansion,36,No
850271,2026-09-28,2026-09,FY26-Q3,Eclipse Networks,Enterprise,Telecommunications,United States,North America,Reese Turner,Governance,Catalog,Data Catalog Accelerator,25,6200.00,13,3180.00,Renewal Desk,Upsell,Renewal Pending,US Central,Priority,Subscription,Customer Managed,Premier,Renewal,12,Yes
850272,2026-09-29,2026-09,FY26-Q3,Fathom Analytics,MidMarket,Technology,Ireland,Europe,Riley Morgan,Platform,Enablement,Fabric Enablement Bundle,32,7975.00,3,4445.00,Partner,Event,Invoiced,Europe West,Standard,Subscription,Hybrid,Essentials,Net New,36,No
850273,2026-09-30,2026-09,FY26-Q3,Greatwater Shipping,Enterprise,Logistics,Singapore,Asia Pacific,Taylor Brooks,Security,Compliance,Compliance Evidence Hub,42,8350.00,10,4795.00,Partner,Event,Provisioned,Asia Pacific East,Strategic,Subscription,Azure Managed,Premier,Expansion,36,No
850274,2026-10-01,2026-10,FY26-Q4,Helios Devices,MidMarket,Manufacturing,Japan,Asia Pacific,Riley Morgan,Lakehouse,Optimization,Delta Optimization Pack,44,6425.00,8,3635.00,Marketplace,Upsell,Invoiced,Asia Pacific South,Standard,Subscription,Azure Managed,Essentials,Net New,24,No
850275,2026-10-02,2026-10,FY26-Q4,Ironclad Construction,MidMarket,Construction,United Arab Emirates,Middle East & Africa,Casey Singh,Governance,Catalog,Data Catalog Accelerator,12,6100.00,15,3305.00,Partner,Event,Invoiced,Africa South,Standard,Subscription,Hybrid,Essentials,Expansion,24,No
850276,2026-10-03,2026-10,FY26-Q4,Jetstream Travel,SMB,Travel,United Kingdom,Europe,Quinn Foster,Platform,Enablement,Fabric Enablement Bundle,14,7975.00,18,4470.00,Renewal Desk,Inbound,Provisioned,Europe West,Priority,Subscription,Azure Managed,Advanced,Renewal,36,Yes
850277,2026-10-04,2026-10,FY26-Q4,Kestrel Finance,Enterprise,Financial Services,United States,North America,Taylor Brooks,Security,Compliance,Compliance Evidence Hub,20,8350.00,0,4600.00,Marketplace,Upsell,Provisioned,US Central,Strategic,Subscription,Customer Managed,Premier,Net New,12,No
850278,2026-10-05,2026-10,FY26-Q4,Northstar Education,Public Sector,Education,Canada,North America,Morgan Patel,Lakehouse,Optimization,Delta Optimization Pack,31,6575.00,12,3620.00,Direct,Inbound,Active,US Central,Priority,Subscription,Customer Managed,Premier,Expansion,24,No
850279,2026-10-06,2026-10,FY26-Q4,Optima Warehousing,MidMarket,Logistics,Netherlands,Europe,Parker Diaz,Governance,Catalog,Data Catalog Accelerator,37,5950.00,11,3330.00,Renewal Desk,Upsell,Provisioned,Europe West,Priority,Subscription,Azure Managed,Advanced,Renewal,36,Yes
850280,2026-10-07,2026-10,FY26-Q4,Pulse Renewables,Enterprise,Energy,Australia,Asia Pacific,Jordan Reyes,Platform,Enablement,Fabric Enablement Bundle,42,7975.00,10,4375.00,Direct,Outbound,Booked,Asia Pacific South,Priority,Subscription,Customer Managed,Advanced,Net New,12,No
850281,2026-10-08,2026-10,FY26-Q4,Alpine Manufacturing,Enterprise,Manufacturing,United States,North America,Avery Cole,Data Integration,Streaming,Event Stream Bridge,7,4400.00,17,2480.00,Renewal Desk,Upsell,Provisioned,US Central,Priority,Subscription,Customer Managed,Premier,Renewal,36,Yes
850282,2026-10-09,2026-10,FY26-Q4,Bluebird Retail,MidMarket,Retail,Canada,North America,Morgan Patel,AI,Forecasting,Forecast Studio,9,8475.00,10,4715.00,Marketplace,Inbound,Active,US Central,Standard,Subscription,Customer Managed,Advanced,Net New,36,No
850283,2026-10-10,2026-10,FY26-Q4,Canyon Health,Enterprise,Healthcare,United States,North America,Casey Singh,Automation,Incident,Incident Response Pack,14,7600.00,5,4145.00,Partner,Event,Active,US West,Priority,Subscription,Hybrid,Premier,Expansion,24,No
850284,2026-10-11,2026-10,FY26-Q4,Delta Logistics,MidMarket,Logistics,Germany,Europe,Cameron Kim,Services,Migration,Migration Sprint,3,15555.00,18,9485.00,Renewal Desk,Upsell,Provisioned,Europe North,Priority,Professional Services,Hybrid,Essentials,Renewal,6,Yes
850285,2026-10-12,2026-10,FY26-Q4,Evergreen Schools,Public Sector,Education,United States,North America,Jordan Reyes,Data Integration,Streaming,Event Stream Bridge,32,4800.00,12,2785.00,Direct,Outbound,Provisioned,US West,Priority,Subscription,Hybrid,Premier,Net New,36,No
850286,2026-10-13,2026-10,FY26-Q4,Frontier Energy,Enterprise,Energy,United Kingdom,Europe,Logan Chen,AI,Forecasting,Forecast Studio,37,9375.00,10,5005.00,Direct,Inbound,Active,Europe North,Strategic,Subscription,Hybrid,Premier,Expansion,12,No
850287,2026-10-14,2026-10,FY26-Q4,Granite Aerospace,Enterprise,Aerospace,United States,North America,Taylor Brooks,Automation,Incident,Incident Response Pack,46,7450.00,17,4075.00,Renewal Desk,Inbound,Provisioned,US East,Priority,Subscription,Azure Managed,Premier,Renewal,24,Yes
850288,2026-10-15,2026-10,FY26-Q4,Harbor Foods,SMB,Consumer Goods,Brazil,Latin America,Riley Morgan,Services,Migration,Migration Sprint,7,15555.00,10,9510.00,Direct,Outbound,Invoiced,Latin America South,Standard,Professional Services,Azure Managed,Advanced,Expansion,6,No
850289,2026-10-16,2026-10,FY26-Q4,Ion Medical,Enterprise,Healthcare,Singapore,Asia Pacific,Skyler Bennett,Data Integration,Streaming,Event Stream Bridge,8,4800.00,20,2715.00,Renewal Desk,Inbound,Invoiced,Asia Pacific South,Priority,Subscription,Azure Managed,Premier,Renewal,24,Yes
850290,2026-10-17,2026-10,FY26-Q4,Juniper Telecom,MidMarket,Telecommunications,Australia,Asia Pacific,Reese Turner,AI,Forecasting,Forecast Studio,19,8725.00,15,4855.00,Partner,Referral,Invoiced,Asia Pacific East,Standard,Subscription,Azure Managed,Essentials,Net New,24,No
850291,2026-10-18,2026-10,FY26-Q4,Kepler Robotics,Enterprise,Technology,Japan,Asia Pacific,Riley Morgan,Automation,Incident,Incident Response Pack,26,7300.00,7,3880.00,Direct,Outbound,Active,Asia Pacific East,Priority,Subscription,Customer Managed,Premier,Expansion,12,No
850292,2026-10-19,2026-10,FY26-Q4,Lighthouse Media,SMB,Media,United Kingdom,Europe,Jordan Reyes,Services,Migration,Migration Sprint,3,15375.00,6,9315.00,Renewal Desk,Inbound,Invoiced,Europe North,Priority,Professional Services,Customer Managed,Advanced,Renewal,12,Yes
850293,2026-10-20,2026-10,FY26-Q4,Meridian Mining,Enterprise,Mining,South Africa,Middle East & Africa,Casey Singh,Data Integration,Streaming,Event Stream Bridge,40,4300.00,8,2435.00,Marketplace,Upsell,Booked,Africa South,Priority,Subscription,Customer Managed,Advanced,Net New,24,No
850294,2026-10-21,2026-10,FY26-Q4,Nimbus Hotels,MidMarket,Hospitality,United Arab Emirates,Middle East & Africa,Avery Cole,AI,Forecasting,Forecast Studio,45,8625.00,6,4755.00,Marketplace,Inbound,Provisioned,Middle East Hub,Standard,Subscription,Customer Managed,Advanced,Expansion,24,No
850295,2026-10-22,2026-10,FY26-Q4,Orchard Biotech,Enterprise,Biotech,United States,North America,Quinn Foster,Automation,Incident,Incident Response Pack,8,7600.00,17,4185.00,Partner,Event,Active,US West,Priority,Subscription,Hybrid,Premier,Net New,24,No
850296,2026-10-23,2026-10,FY26-Q4,Pioneer Insurance,MidMarket,Insurance,Canada,North America,Logan Chen,Services,Migration,Migration Sprint,7,15705.00,8,9520.00,Marketplace,Inbound,Booked,US Central,Standard,Professional Services,Hybrid,Advanced,Expansion,6,No
850297,2026-10-24,2026-10,FY26-Q4,Quantum Freight,Enterprise,Logistics,Germany,Europe,Skyler Bennett,Data Integration,Streaming,Event Stream Bridge,22,4800.00,5,2725.00,Renewal Desk,Inbound,Renewal Pending,Europe West,Priority,Subscription,Hybrid,Premier,Renewal,36,Yes
850298,2026-10-25,2026-10,FY26-Q4,Redwood Capital,Enterprise,Financial Services,United States,North America,Logan Chen,AI,Forecasting,Forecast Studio,29,9125.00,5,4960.00,Direct,Inbound,Invoiced,US West,Strategic,Subscription,Hybrid,Advanced,Net New,12,No
850299,2026-10-26,2026-10,FY26-Q4,Summit Utilities,Public Sector,Utilities,United Kingdom,Europe,Morgan Patel,Automation,Incident,Incident Response Pack,37,7200.00,13,4030.00,Marketplace,Inbound,Booked,Europe North,Priority,Subscription,Azure Managed,Advanced,Expansion,24,No
850300,2026-10-27,2026-10,FY26-Q4,Tidal Commerce,SMB,Retail,Singapore,Asia Pacific,Casey Singh,Services,Migration,Migration Sprint,3,15475.00,8,9455.00,Renewal Desk,Inbound,Renewal Pending,Asia Pacific East,Priority,Professional Services,Azure Managed,Essentials,Renewal,12,Yes
850301,2026-10-28,2026-10,FY26-Q4,Umbra Security,MidMarket,Cybersecurity,Israel,Middle East & Africa,Morgan Patel,Data Integration,Streaming,Event Stream Bridge,49,4400.00,8,2475.00,Partner,Referral,Invoiced,Africa South,Standard,Subscription,Azure Managed,Essentials,Net New,24,No
850302,2026-10-29,2026-10,FY26-Q4,Vector Mobility,Enterprise,Transportation,Japan,Asia Pacific,Reese Turner,AI,Forecasting,Forecast Studio,11,8975.00,17,4890.00,Renewal Desk,Upsell,Invoiced,Asia Pacific East,Strategic,Subscription,Azure Managed,Advanced,Renewal,12,Yes
850303,2026-10-30,2026-10,FY26-Q4,Westbridge Pharma,Enterprise,Pharmaceuticals,Switzerland,Europe,Casey Singh,Automation,Incident,Incident Response Pack,20,7050.00,2,3920.00,Direct,Outbound,Provisioned,Europe North,Priority,Subscription,Customer Managed,Premier,Net New,36,No
850304,2026-10-31,2026-10,FY26-Q4,Xenon Labs,SMB,Technology,India,Asia Pacific,Casey Singh,Services,Migration,Migration Sprint,7,15155.00,15,9260.00,Partner,Event,Provisioned,Asia Pacific East,Standard,Professional Services,Customer Managed,Essentials,Expansion,6,No
850305,2026-11-01,2026-11,FY26-Q4,Yellowtail Resorts,SMB,Hospitality,Mexico,Latin America,Reese Turner,Data Integration,Streaming,Event Stream Bridge,35,4250.00,6,2380.00,Renewal Desk,Upsell,Provisioned,Latin America South,Priority,Subscription,Customer Managed,Essentials,Renewal,12,Yes
850306,2026-11-02,2026-11,FY26-Q4,Zenith Public Works,Public Sector,Government,United States,North America,Logan Chen,AI,Forecasting,Forecast Studio,43,8725.00,10,4695.00,Marketplace,Inbound,Invoiced,US Central,Priority,Subscription,Customer Managed,Advanced,Net New,12,No
850307,2026-11-03,2026-11,FY26-Q4,Asteria Foods,MidMarket,Consumer Goods,Spain,Europe,Casey Singh,Automation,Incident,Incident Response Pack,44,7200.00,8,4040.00,Partner,Event,Active,Europe North,Standard,Subscription,Hybrid,Advanced,Expansion,36,No
850308,2026-11-04,2026-11,FY26-Q4,Borealis Health,Enterprise,Healthcare,Canada,North America,Cameron Kim,Services,Migration,Migration Sprint,3,16025.00,13,9645.00,Renewal Desk,Upsell,Provisioned,US Central,Strategic,Professional Services,Hybrid,Premier,Renewal,12,Yes
850309,2026-11-05,2026-11,FY26-Q4,Celestial Motors,Enterprise,Automotive,Germany,Europe,Avery Cole,Data Integration,Streaming,Event Stream Bridge,15,5050.00,14,2765.00,Direct,Inbound,Active,Europe West,Priority,Subscription,Hybrid,Premier,Expansion,12,No
850310,2026-11-06,2026-11,FY26-Q4,Driftline Apparel,SMB,Retail,Australia,Asia Pacific,Parker Diaz,AI,Forecasting,Forecast Studio,23,8975.00,18,4905.00,Renewal Desk,Upsell,Renewal Pending,Asia Pacific East,Priority,Subscription,Hybrid,Essentials,Renewal,12,Yes
850311,2026-11-07,2026-11,FY26-Q4,Eclipse Networks,Enterprise,Telecommunications,United States,North America,Morgan Patel,Automation,Incident,Incident Response Pack,29,7450.00,3,4055.00,Marketplace,Inbound,Active,US East,Priority,Subscription,Azure Managed,Premier,Net New,24,No
850312,2026-11-08,2026-11,FY26-Q4,Fathom Analytics,MidMarket,Technology,Ireland,Europe,Quinn Foster,Services,Migration,Migration Sprint,7,15325.00,15,9395.00,Direct,Outbound,Booked,Europe North,Standard,Professional Services,Azure Managed,Essentials,Expansion,3,No
850313,2026-11-09,2026-11,FY26-Q4,Greatwater Shipping,Enterprise,Logistics,Singapore,Asia Pacific,Casey Singh,Data Integration,Streaming,Event Stream Bridge,46,4900.00,10,2695.00,Renewal Desk,Inbound,Invoiced,Asia Pacific South,Priority,Subscription,Azure Managed,Premier,Renewal,12,Yes
850314,2026-11-10,2026-11,FY26-Q4,Helios Devices,MidMarket,Manufacturing,Japan,Asia Pacific,Quinn Foster,AI,Forecasting,Forecast Studio,48,8575.00,5,4835.00,Partner,Event,Invoiced,Asia Pacific East,Standard,Subscription,Azure Managed,Essentials,Net New,36,No
850315,2026-11-11,2026-11,FY26-Q4,Ironclad Construction,MidMarket,Construction,United Arab Emirates,Middle East & Africa,Skyler Bennett,Automation,Incident,Incident Response Pack,16,6650.00,10,3780.00,Direct,Outbound,Invoiced,Middle East Hub,Standard,Subscription,Customer Managed,Essentials,Expansion,36,No
850316,2026-11-12,2026-11,FY26-Q4,Jetstream Travel,SMB,Travel,United Kingdom,Europe,Jordan Reyes,Services,Migration,Migration Sprint,3,15225.00,10,9295.00,Partner,Event,Provisioned,Europe North,Standard,Professional Services,Customer Managed,Advanced,Net New,3,No
850317,2026-11-13,2026-11,FY26-Q4,Kestrel Finance,Enterprise,Financial Services,United States,North America,Casey Singh,Data Integration,Streaming,Event Stream Bridge,24,4550.00,15,2500.00,Marketplace,Upsell,Provisioned,US Central,Priority,Subscription,Customer Managed,Premier,Expansion,24,No
850318,2026-11-14,2026-11,FY26-Q4,Northstar Education,Public Sector,Education,Canada,North America,Logan Chen,AI,Forecasting,Forecast Studio,35,8725.00,11,4820.00,Renewal Desk,Upsell,Provisioned,US Central,Priority,Subscription,Customer Managed,Premier,Renewal,36,Yes
850319,2026-11-15,2026-11,FY26-Q4,Optima Warehousing,MidMarket,Logistics,Netherlands,Europe,Avery Cole,Automation,Incident,Incident Response Pack,41,7450.00,3,4080.00,Partner,Referral,Provisioned,Europe North,Standard,Subscription,Hybrid,Advanced,Net New,12,No
850320,2026-11-16,2026-11,FY26-Q4,Pulse Renewables,Enterprise,Energy,Australia,Asia Pacific,Riley Morgan,Services,Migration,Migration Sprint,7,15705.00,3,9600.00,Marketplace,Upsell,Invoiced,Asia Pacific East,Strategic,Professional Services,Hybrid,Advanced,Expansion,6,No
850321,2026-11-17,2026-11,FY26-Q4,Alpine Manufacturing,Enterprise,Manufacturing,United States,North America,Cameron Kim,Analytics,Executive Reporting,Executive Scorecard Model,11,8000.00,13,4255.00,Renewal Desk,Upsell,Renewal Pending,US East,Strategic,Subscription,Azure Managed,Premier,Renewal,12,Yes
850322,2026-11-18,2026-11,FY26-Q4,Bluebird Retail,MidMarket,Retail,Canada,North America,Logan Chen,Governance,Security,Access Policy Monitor,13,6625.00,10,3540.00,Direct,Inbound,Active,US West,Standard,Subscription,Hybrid,Advanced,Net New,12,No
850323,2026-11-19,2026-11,FY26-Q4,Canyon Health,Enterprise,Healthcare,United States,North America,Skyler Bennett,Managed Services,Support,Managed Monitoring Service,4,9650.00,17,5845.00,Renewal Desk,Inbound,Renewal Pending,US West,Strategic,Managed Services,Hybrid,Premier,Renewal,36,Yes
850324,2026-11-20,2026-11,FY26-Q4,Delta Logistics,MidMarket,Logistics,Germany,Europe,Parker Diaz,Security,Identity,Identity Guard for Fabric,27,7075.00,10,4060.00,Direct,Inbound,Invoiced,Europe West,Standard,Subscription,Customer Managed,Essentials,Net New,36,No
850325,2026-11-21,2026-11,FY26-Q4,Evergreen Schools,Public Sector,Education,United States,North America,Riley Morgan,Analytics,Executive Reporting,Executive Scorecard Model,36,7750.00,8,4160.00,Partner,Event,Provisioned,US Central,Priority,Subscription,Customer Managed,Premier,Expansion,12,No
850326,2026-11-22,2026-11,FY26-Q4,Frontier Energy,Enterprise,Energy,United Kingdom,Europe,Reese Turner,Governance,Security,Access Policy Monitor,41,6625.00,10,3555.00,Renewal Desk,Upsell,Invoiced,Europe West,Priority,Subscription,Azure Managed,Premier,Renewal,24,Yes
850327,2026-11-23,2026-11,FY26-Q4,Granite Aerospace,Enterprise,Aerospace,United States,North America,Casey Singh,Managed Services,Support,Managed Monitoring Service,4,9650.00,7,5825.00,Partner,Event,Active,US East,Strategic,Managed Services,Hybrid,Premier,Net New,36,No
850328,2026-11-24,2026-11,FY26-Q4,Harbor Foods,SMB,Consumer Goods,Brazil,Latin America,Quinn Foster,Security,Identity,Identity Guard for Fabric,6,7625.00,5,4360.00,Partner,Event,Provisioned,Latin America South,Standard,Subscription,Hybrid,Advanced,Expansion,36,No
850329,2026-11-25,2026-11,FY26-Q4,Ion Medical,Enterprise,Healthcare,Singapore,Asia Pacific,Taylor Brooks,Analytics,Executive Reporting,Executive Scorecard Model,12,7900.00,15,4365.00,Renewal Desk,Inbound,Provisioned,Asia Pacific South,Priority,Subscription,Hybrid,Premier,Renewal,36,Yes
850330,2026-11-26,2026-11,FY26-Q4,Juniper Telecom,MidMarket,Telecommunications,Australia,Asia Pacific,Morgan Patel,Governance,Security,Access Policy Monitor,23,5825.00,10,3280.00,Marketplace,Inbound,Invoiced,Asia Pacific South,Standard,Subscription,Customer Managed,Essentials,Expansion,36,No
850331,2026-11-27,2026-11,FY26-Q4,Kepler Robotics,Enterprise,Technology,Japan,Asia Pacific,Quinn Foster,Managed Services,Support,Managed Monitoring Service,3,9800.00,20,5805.00,Renewal Desk,Inbound,Provisioned,Asia Pacific South,Strategic,Managed Services,Hybrid,Premier,Renewal,24,Yes
850332,2026-11-28,2026-11,FY26-Q4,Lighthouse Media,SMB,Media,United Kingdom,Europe,Riley Morgan,Security,Identity,Identity Guard for Fabric,38,7725.00,13,4290.00,Marketplace,Upsell,Provisioned,Europe West,Standard,Subscription,Azure Managed,Advanced,Net New,12,No
850333,2026-11-29,2026-11,FY26-Q4,Meridian Mining,Enterprise,Mining,South Africa,Middle East & Africa,Skyler Bennett,Analytics,Executive Reporting,Executive Scorecard Model,44,7500.00,5,4210.00,Direct,Outbound,Booked,Africa South,Priority,Subscription,Azure Managed,Advanced,Expansion,36,No
850334,2026-11-30,2026-11,FY26-Q4,Nimbus Hotels,MidMarket,Hospitality,United Arab Emirates,Middle East & Africa,Cameron Kim,Governance,Security,Access Policy Monitor,49,6375.00,8,3580.00,Renewal Desk,Upsell,Renewal Pending,Africa South,Priority,Subscription,Hybrid,Advanced,Renewal,36,Yes
850335,2026-12-01,2026-12,FY26-Q4,Orchard Biotech,Enterprise,Biotech,United States,North America,Jordan Reyes,Managed Services,Support,Managed Monitoring Service,4,9650.00,10,5885.00,Direct,Outbound,Active,US West,Strategic,Managed Services,Hybrid,Premier,Net New,36,No
850336,2026-12-02,2026-12,FY26-Q4,Pioneer Insurance,MidMarket,Insurance,Canada,North America,Reese Turner,Security,Identity,Identity Guard for Fabric,21,7225.00,5,4095.00,Direct,Inbound,Provisioned,US Central,Standard,Subscription,Customer Managed,Advanced,Expansion,36,No
850337,2026-12-03,2026-12,FY26-Q4,Quantum Freight,Enterprise,Logistics,Germany,Europe,Taylor Brooks,Analytics,Executive Reporting,Executive Scorecard Model,26,7750.00,14,4100.00,Partner,Event,Active,Europe West,Priority,Subscription,Customer Managed,Premier,Net New,12,No
850338,2026-12-04,2026-12,FY26-Q4,Redwood Capital,Enterprise,Financial Services,United States,North America,Reese Turner,Governance,Security,Access Policy Monitor,33,6375.00,2,3510.00,Partner,Referral,Invoiced,US East,Priority,Subscription,Azure Managed,Advanced,Expansion,24,No
850339,2026-12-05,2026-12,FY26-Q4,Summit Utilities,Public Sector,Utilities,United Kingdom,Europe,Logan Chen,Managed Services,Support,Managed Monitoring Service,1,9400.00,11,5780.00,Renewal Desk,Upsell,Invoiced,Europe West,Priority,Managed Services,Hybrid,Advanced,Renewal,36,Yes
850340,2026-12-06,2026-12,FY26-Q4,Tidal Commerce,SMB,Retail,Singapore,Asia Pacific,Skyler Bennett,Security,Identity,Identity Guard for Fabric,46,7725.00,0,4305.00,Partner,Event,Booked,Asia Pacific South,Standard,Subscription,Hybrid,Essentials,Net New,12,No
850341,2026-12-07,2026-12,FY26-Q4,Umbra Security,MidMarket,Cybersecurity,Israel,Middle East & Africa,Logan Chen,Analytics,Executive Reporting,Executive Scorecard Model,7,7500.00,1,4125.00,Marketplace,Inbound,Invoiced,Africa South,Standard,Subscription,Hybrid,Essentials,Expansion,36,No
850342,2026-12-08,2026-12,FY26-Q4,Vector Mobility,Enterprise,Transportation,Japan,Asia Pacific,Morgan Patel,Governance,Security,Access Policy Monitor,15,6125.00,15,3315.00,Renewal Desk,Upsell,Provisioned,Asia Pacific South,Priority,Subscription,Customer Managed,Advanced,Renewal,24,Yes
850343,2026-12-09,2026-12,FY26-Q4,Westbridge Pharma,Enterprise,Pharmaceuticals,Switzerland,Europe,Skyler Bennett,Managed Services,Support,Managed Monitoring Service,1,9900.00,10,5845.00,Marketplace,Upsell,Provisioned,Europe West,Strategic,Managed Services,Hybrid,Premier,Net New,12,No
850344,2026-12-10,2026-12,FY26-Q4,Xenon Labs,SMB,Technology,India,Asia Pacific,Skyler Bennett,Security,Identity,Identity Guard for Fabric,24,7325.00,13,4235.00,Renewal Desk,Inbound,Provisioned,Asia Pacific South,Priority,Subscription,Azure Managed,Essentials,Renewal,36,Yes
850345,2026-12-11,2026-12,FY26-Q4,Yellowtail Resorts,SMB,Hospitality,Mexico,Latin America,Morgan Patel,Analytics,Executive Reporting,Executive Scorecard Model,39,7500.00,15,4155.00,Direct,Inbound,Invoiced,Latin America South,Standard,Subscription,Azure Managed,Essentials,Net New,24,No
850346,2026-12-12,2026-12,FY26-Q4,Zenith Public Works,Public Sector,Government,United States,North America,Reese Turner,Governance,Security,Access Policy Monitor,47,6525.00,10,3520.00,Direct,Inbound,Invoiced,US West,Priority,Subscription,Hybrid,Advanced,Expansion,24,No
850347,2026-12-13,2026-12,FY26-Q4,Asteria Foods,MidMarket,Consumer Goods,Spain,Europe,Skyler Bennett,Managed Services,Support,Managed Monitoring Service,1,9900.00,3,5825.00,Renewal Desk,Inbound,Renewal Pending,Europe West,Priority,Managed Services,Hybrid,Premier,Renewal,12,Yes
850348,2026-12-14,2026-12,FY26-Q4,Borealis Health,Enterprise,Healthcare,Canada,North America,Parker Diaz,Security,Identity,Identity Guard for Fabric,11,7725.00,5,4220.00,Direct,Inbound,Provisioned,US Central,Priority,Subscription,Customer Managed,Premier,Net New,12,No
850349,2026-12-15,2026-12,FY26-Q4,Celestial Motors,Enterprise,Automotive,Germany,Europe,Cameron Kim,Analytics,Executive Reporting,Executive Scorecard Model,19,7650.00,10,4140.00,Partner,Referral,Active,Europe West,Priority,Subscription,Customer Managed,Premier,Expansion,24,No
850350,2026-12-16,2026-12,FY26-Q4,Driftline Apparel,SMB,Retail,Australia,Asia Pacific,Avery Cole,Governance,Security,Access Policy Monitor,27,6225.00,15,3455.00,Renewal Desk,Upsell,Invoiced,Asia Pacific South,Priority,Subscription,Azure Managed,Essentials,Renewal,24,Yes
850351,2026-12-17,2026-12,FY26-Q4,Eclipse Networks,Enterprise,Telecommunications,United States,North America,Logan Chen,Managed Services,Support,Managed Monitoring Service,4,9650.00,14,5805.00,Partner,Referral,Active,US East,Strategic,Managed Services,Hybrid,Premier,Expansion,36,No
850352,2026-12-18,2026-12,FY26-Q4,Fathom Analytics,MidMarket,Technology,Ireland,Europe,Jordan Reyes,Security,Identity,Identity Guard for Fabric,40,7625.00,13,4245.00,Renewal Desk,Inbound,Invoiced,Europe West,Priority,Subscription,Hybrid,Essentials,Renewal,24,Yes
850353,2026-12-19,2026-12,FY26-Q4,Greatwater Shipping,Enterprise,Logistics,Singapore,Asia Pacific,Skyler Bennett,Analytics,Executive Reporting,Executive Scorecard Model,50,8050.00,0,4345.00,Marketplace,Upsell,Provisioned,Asia Pacific South,Strategic,Subscription,Hybrid,Premier,Net New,24,No
850354,2026-12-20,2026-12,FY26-Q4,Helios Devices,MidMarket,Manufacturing,Japan,Asia Pacific,Jordan Reyes,Governance,Security,Access Policy Monitor,6,6075.00,1,3260.00,Marketplace,Upsell,Invoiced,Asia Pacific South,Standard,Subscription,Customer Managed,Essentials,Expansion,12,No
850355,2026-12-21,2026-12,FY26-Q4,Ironclad Construction,MidMarket,Construction,United Arab Emirates,Middle East & Africa,Taylor Brooks,Managed Services,Support,Managed Monitoring Service,3,9650.00,6,5800.00,Renewal Desk,Inbound,Provisioned,Africa South,Priority,Managed Services,Hybrid,Advanced,Renewal,12,Yes
850356,2026-12-22,2026-12,FY26-Q4,Jetstream Travel,SMB,Travel,United Kingdom,Europe,Riley Morgan,Security,Identity,Identity Guard for Fabric,22,7625.00,3,4270.00,Marketplace,Upsell,Provisioned,Europe West,Standard,Subscription,Azure Managed,Advanced,Net New,24,No
850357,2026-12-23,2026-12,FY26-Q4,Kestrel Finance,Enterprise,Financial Services,United States,North America,Skyler Bennett,Analytics,Executive Reporting,Executive Scorecard Model,28,7750.00,12,4275.00,Direct,Outbound,Provisioned,US East,Priority,Subscription,Azure Managed,Premier,Expansion,36,No
850358,2026-12-24,2026-12,FY26-Q4,Northstar Education,Public Sector,Education,Canada,North America,Reese Turner,Governance,Security,Access Policy Monitor,39,6875.00,5,3645.00,Direct,Inbound,Active,US West,Priority,Subscription,Hybrid,Premier,Net New,12,No
850359,2026-12-25,2026-12,FY26-Q4,Optima Warehousing,MidMarket,Logistics,Netherlands,Europe,Cameron Kim,Managed Services,Support,Managed Monitoring Service,1,9800.00,12,5865.00,Direct,Inbound,Provisioned,Europe West,Standard,Managed Services,Hybrid,Premier,Expansion,24,No
850360,2026-12-26,2026-12,FY26-Q4,Pulse Renewables,Enterprise,Energy,Australia,Asia Pacific,Quinn Foster,Security,Identity,Identity Guard for Fabric,50,7225.00,20,4175.00,Renewal Desk,Inbound,Renewal Pending,Asia Pacific South,Priority,Subscription,Customer Managed,Advanced,Renewal,36,Yes
850361,2026-12-27,2026-12,FY26-Q4,Alpine Manufacturing,Enterprise,Manufacturing,United States,North America,Parker Diaz,AI,Recommendations,Recommendation Studio,15,10000.00,5,5455.00,Direct,Inbound,Provisioned,US East,Strategic,Subscription,Azure Managed,Premier,Net New,24,No
850362,2026-12-28,2026-12,FY26-Q4,Bluebird Retail,MidMarket,Retail,Canada,North America,Reese Turner,Platform,Capacity,Capacity Planner Toolkit,17,5275.00,0,2790.00,Partner,Referral,Active,US East,Standard,Subscription,Azure Managed,Advanced,Expansion,24,No
850363,2026-12-29,2026-12,FY26-Q4,Canyon Health,Enterprise,Healthcare,United States,North America,Taylor Brooks,Services,Training,Training Accelerator,7,7250.00,10,3745.00,Renewal Desk,Inbound,Invoiced,US Central,Priority,Professional Services,Hybrid,Premier,Renewal,3,Yes
850364,2026-12-30,2026-12,FY26-Q4,Delta Logistics,MidMarket,Logistics,Germany,Europe,Avery Cole,Lakehouse,Foundation,Lakehouse Foundation,31,5425.00,6,2960.00,Marketplace,Inbound,Invoiced,Europe West,Standard,Subscription,Customer Managed,Essentials,Net New,12,No
850365,2026-12-31,2026-12,FY26-Q4,Evergreen Schools,Public Sector,Education,United States,North America,Quinn Foster,AI,Recommendations,Recommendation Studio,40,9750.00,6,5360.00,Renewal Desk,Inbound,Invoiced,US Central,Priority,Subscription,Customer Managed,Premier,Renewal,24,Yes
850366,2026-01-01,2026-01,FY26-Q1,Frontier Energy,Enterprise,Energy,United Kingdom,Europe,Morgan Patel,Platform,Capacity,Capacity Planner Toolkit,45,5125.00,12,2680.00,Marketplace,Inbound,Active,Europe West,Priority,Subscription,Customer Managed,Premier,Net New,36,No
850367,2026-01-02,2026-01,FY26-Q1,Granite Aerospace,Enterprise,Aerospace,United States,North America,Skyler Bennett,Services,Training,Training Accelerator,3,7100.00,15,3675.00,Marketplace,Upsell,Invoiced,US West,Priority,Professional Services,Azure Managed,Premier,Expansion,3,No
850368,2026-01-03,2026-01,FY26-Q1,Harbor Foods,SMB,Consumer Goods,Brazil,Latin America,Jordan Reyes,Lakehouse,Foundation,Lakehouse Foundation,10,5975.00,6,3260.00,Renewal Desk,Inbound,Renewal Pending,Latin America South,Priority,Subscription,Hybrid,Advanced,Renewal,12,Yes
850369,2026-01-04,2026-01,FY26-Q1,Ion Medical,Enterprise,Healthcare,Singapore,Asia Pacific,Casey Singh,AI,Recommendations,Recommendation Studio,16,10250.00,5,5565.00,Marketplace,Upsell,Provisioned,Asia Pacific South,Strategic,Subscription,Hybrid,Premier,Net New,12,No
850370,2026-01-05,2026-01,FY26-Q1,Juniper Telecom,MidMarket,Telecommunications,Australia,Asia Pacific,Logan Chen,Platform,Capacity,Capacity Planner Toolkit,27,5375.00,3,2805.00,Direct,Inbound,Invoiced,Asia Pacific South,Standard,Subscription,Hybrid,Essentials,Expansion,12,No
850371,2026-01-06,2026-01,FY26-Q1,Kepler Robotics,Enterprise,Technology,Japan,Asia Pacific,Jordan Reyes,Services,Training,Training Accelerator,7,7000.00,13,3480.00,Renewal Desk,Inbound,Renewal Pending,Asia Pacific East,Priority,Professional Services,Customer Managed,Premier,Renewal,12,Yes
850372,2026-01-07,2026-01,FY26-Q1,Lighthouse Media,SMB,Media,United Kingdom,Europe,Quinn Foster,Lakehouse,Foundation,Lakehouse Foundation,42,5725.00,12,3190.00,Partner,Event,Provisioned,Europe West,Standard,Subscription,Azure Managed,Advanced,Expansion,24,No
850373,2026-01-08,2026-01,FY26-Q1,Meridian Mining,Enterprise,Mining,South Africa,Middle East & Africa,Taylor Brooks,AI,Recommendations,Recommendation Studio,48,9850.00,20,5410.00,Renewal Desk,Inbound,Renewal Pending,Africa South,Strategic,Subscription,Azure Managed,Advanced,Renewal,12,Yes
850374,2026-01-09,2026-01,FY26-Q1,Nimbus Hotels,MidMarket,Hospitality,United Arab Emirates,Middle East & Africa,Parker Diaz,Platform,Capacity,Capacity Planner Toolkit,7,5375.00,12,2830.00,Partner,Referral,Provisioned,Africa South,Standard,Subscription,Azure Managed,Advanced,Net New,12,No
850375,2026-01-10,2026-01,FY26-Q1,Orchard Biotech,Enterprise,Biotech,United States,North America,Riley Morgan,Services,Training,Training Accelerator,3,7250.00,2,3785.00,Partner,Event,Invoiced,US Central,Priority,Professional Services,Hybrid,Premier,Expansion,3,No
850376,2026-01-11,2026-01,FY26-Q1,Pioneer Insurance,MidMarket,Insurance,Canada,North America,Morgan Patel,Lakehouse,Foundation,Lakehouse Foundation,25,5575.00,6,2995.00,Renewal Desk,Upsell,Provisioned,US Central,Priority,Subscription,Customer Managed,Advanced,Renewal,12,Yes
850377,2026-01-12,2026-01,FY26-Q1,Quantum Freight,Enterprise,Logistics,Germany,Europe,Casey Singh,AI,Recommendations,Recommendation Studio,30,9750.00,10,5300.00,Partner,Event,Active,Europe West,Strategic,Subscription,Customer Managed,Premier,Net New,24,No
850378,2026-01-13,2026-01,FY26-Q1,Redwood Capital,Enterprise,Financial Services,United States,North America,Morgan Patel,Platform,Capacity,Capacity Planner Toolkit,37,4875.00,8,2635.00,Marketplace,Inbound,Invoiced,US Central,Priority,Subscription,Customer Managed,Advanced,Expansion,36,No
850379,2026-01-14,2026-01,FY26-Q1,Summit Utilities,Public Sector,Utilities,United Kingdom,Europe,Reese Turner,Services,Training,Training Accelerator,7,6850.00,0,3630.00,Marketplace,Inbound,Provisioned,Europe North,Priority,Professional Services,Azure Managed,Advanced,Net New,3,No
850380,2026-01-15,2026-01,FY26-Q1,Tidal Commerce,SMB,Retail,Singapore,Asia Pacific,Taylor Brooks,Lakehouse,Foundation,Lakehouse Foundation,50,5725.00,15,3205.00,Direct,Outbound,Booked,Asia Pacific South,Standard,Subscription,Hybrid,Essentials,Expansion,24,No
850381,2026-01-16,2026-01,FY26-Q1,Umbra Security,MidMarket,Cybersecurity,Israel,Middle East & Africa,Reese Turner,AI,Recommendations,Recommendation Studio,11,9850.00,18,5325.00,Renewal Desk,Upsell,Provisioned,Africa South,Priority,Subscription,Hybrid,Essentials,Renewal,12,Yes
850382,2026-01-17,2026-01,FY26-Q1,Vector Mobility,Enterprise,Transportation,Japan,Asia Pacific,Logan Chen,Platform,Capacity,Capacity Planner Toolkit,19,5275.00,2,2840.00,Direct,Inbound,Invoiced,Asia Pacific South,Priority,Subscription,Hybrid,Advanced,Net New,36,No
850383,2026-01-18,2026-01,FY26-Q1,Westbridge Pharma,Enterprise,Pharmaceuticals,Switzerland,Europe,Taylor Brooks,Services,Training,Training Accelerator,3,6930.00,5,3520.00,Direct,Outbound,Booked,Europe North,Priority,Professional Services,Customer Managed,Premier,Expansion,6,No
850384,2026-01-19,2026-01,FY26-Q1,Xenon Labs,SMB,Technology,India,Asia Pacific,Taylor Brooks,Lakehouse,Foundation,Lakehouse Foundation,28,5675.00,11,3135.00,Renewal Desk,Inbound,Invoiced,Asia Pacific South,Priority,Subscription,Azure Managed,Essentials,Renewal,12,Yes
850385,2026-01-20,2026-01,FY26-Q1,Yellowtail Resorts,SMB,Hospitality,Mexico,Latin America,Logan Chen,AI,Recommendations,Recommendation Studio,43,9450.00,10,5355.00,Direct,Inbound,Invoiced,Latin America South,Standard,Subscription,Azure Managed,Essentials,Net New,36,No
850386,2026-01-21,2026-01,FY26-Q1,Zenith Public Works,Public Sector,Government,United States,North America,Morgan Patel,Platform,Capacity,Capacity Planner Toolkit,5,5125.00,3,2770.00,Renewal Desk,Upsell,Invoiced,US East,Priority,Subscription,Azure Managed,Advanced,Renewal,36,Yes
850387,2026-01-22,2026-01,FY26-Q1,Asteria Foods,MidMarket,Consumer Goods,Spain,Europe,Taylor Brooks,Services,Training,Training Accelerator,7,7080.00,10,3640.00,Partner,Event,Booked,Europe North,Standard,Professional Services,Hybrid,Advanced,Net New,6,No
850388,2026-01-23,2026-01,FY26-Q1,Borealis Health,Enterprise,Healthcare,Canada,North America,Avery Cole,Lakehouse,Foundation,Lakehouse Foundation,15,5725.00,0,3120.00,Marketplace,Inbound,Provisioned,US Central,Priority,Subscription,Customer Managed,Premier,Expansion,24,No
850389,2026-01-24,2026-01,FY26-Q1,Celestial Motors,Enterprise,Automotive,Germany,Europe,Parker Diaz,AI,Recommendations,Recommendation Studio,23,9600.00,8,5340.00,Renewal Desk,Upsell,Invoiced,Europe West,Strategic,Subscription,Customer Managed,Premier,Renewal,36,Yes
850390,2026-01-25,2026-01,FY26-Q1,Driftline Apparel,SMB,Retail,Australia,Asia Pacific,Cameron Kim,Platform,Capacity,Capacity Planner Toolkit,31,4725.00,1,2580.00,Marketplace,Inbound,Invoiced,Asia Pacific South,Standard,Subscription,Customer Managed,Essentials,Net New,36,No
850391,2026-01-26,2026-01,FY26-Q1,Eclipse Networks,Enterprise,Telecommunications,United States,North America,Reese Turner,Services,Training,Training Accelerator,3,7100.00,5,3655.00,Marketplace,Inbound,Provisioned,US West,Priority,Professional Services,Azure Managed,Premier,Expansion,3,No
850392,2026-01-27,2026-01,FY26-Q1,Fathom Analytics,MidMarket,Technology,Ireland,Europe,Riley Morgan,Lakehouse,Foundation,Lakehouse Foundation,44,5575.00,11,3145.00,Renewal Desk,Inbound,Renewal Pending,Europe West,Priority,Subscription,Hybrid,Essentials,Renewal,36,Yes
850393,2026-01-28,2026-01,FY26-Q1,Greatwater Shipping,Enterprise,Logistics,Singapore,Asia Pacific,Taylor Brooks,AI,Recommendations,Recommendation Studio,8,10000.00,12,5545.00,Marketplace,Upsell,Provisioned,Asia Pacific South,Strategic,Subscription,Hybrid,Premier,Expansion,36,No
850394,2026-01-29,2026-01,FY26-Q1,Helios Devices,MidMarket,Manufacturing,Japan,Asia Pacific,Riley Morgan,Platform,Capacity,Capacity Planner Toolkit,10,5275.00,13,2785.00,Renewal Desk,Inbound,Renewal Pending,Asia Pacific South,Priority,Subscription,Hybrid,Essentials,Renewal,24,Yes
850395,2026-01-30,2026-01,FY26-Q1,Ironclad Construction,MidMarket,Construction,United Arab Emirates,Middle East & Africa,Casey Singh,Services,Training,Training Accelerator,7,6530.00,12,3380.00,Direct,Outbound,Provisioned,Middle East Hub,Standard,Professional Services,Customer Managed,Essentials,Net New,6,No
850396,2026-01-31,2026-01,FY26-Q1,Jetstream Travel,SMB,Travel,United Kingdom,Europe,Quinn Foster,Lakehouse,Foundation,Lakehouse Foundation,26,5575.00,3,3170.00,Partner,Event,Provisioned,Europe West,Standard,Subscription,Azure Managed,Advanced,Expansion,36,No
850397,2026-02-01,2026-02,FY26-Q1,Kestrel Finance,Enterprise,Financial Services,United States,North America,Taylor Brooks,AI,Recommendations,Recommendation Studio,32,10100.00,10,5475.00,Renewal Desk,Inbound,Renewal Pending,US East,Strategic,Subscription,Azure Managed,Premier,Renewal,12,Yes
850398,2026-02-02,2026-02,FY26-Q1,Northstar Education,Public Sector,Education,Canada,North America,Morgan Patel,Platform,Capacity,Capacity Planner Toolkit,43,5525.00,12,2895.00,Partner,Referral,Active,US East,Priority,Subscription,Azure Managed,Premier,Net New,24,No
850399,2026-02-03,2026-02,FY26-Q1,Optima Warehousing,MidMarket,Logistics,Netherlands,Europe,Parker Diaz,Services,Training,Training Accelerator,3,7150.00,5,3680.00,Partner,Referral,Invoiced,Europe North,Standard,Professional Services,Hybrid,Advanced,Expansion,12,No
850400,2026-02-04,2026-02,FY26-Q1,Pulse Renewables,Enterprise,Energy,Australia,Asia Pacific,Jordan Reyes,Lakehouse,Foundation,Lakehouse Foundation,8,5575.00,12,3075.00,Marketplace,Upsell,Booked,Asia Pacific South,Priority,Subscription,Customer Managed,Advanced,Net New,12,No
850401,2026-02-05,2026-02,FY26-Q1,Alpine Manufacturing,Enterprise,Manufacturing,United States,North America,Avery Cole,Automation,Workflows,Workflow Orchestrator,19,6600.00,2,3680.00,Partner,Referral,Provisioned,US Central,Priority,Subscription,Customer Managed,Premier,Expansion,36,No
850402,2026-02-06,2026-02,FY26-Q1,Bluebird Retail,MidMarket,Retail,Canada,North America,Morgan Patel,Managed Services,Backup,Recovery Assurance Service,3,10425.00,18,6325.00,Renewal Desk,Upsell,Invoiced,US West,Priority,Managed Services,Hybrid,Premier,Renewal,36,Yes
850403,2026-02-07,2026-02,FY26-Q1,Canyon Health,Enterprise,Healthcare,United States,North America,Casey Singh,Data Integration,Pipelines,API Ingestion Hub,26,3950.00,3,2195.00,Marketplace,Upsell,Active,US East,Priority,Subscription,Azure Managed,Premier,Net New,24,No
850404,2026-02-08,2026-02,FY26-Q1,Delta Logistics,MidMarket,Logistics,Germany,Europe,Cameron Kim,Analytics,Operations,Operations Command Dashboard,35,7325.00,1,3885.00,Marketplace,Inbound,Invoiced,Europe West,Standard,Subscription,Hybrid,Essentials,Expansion,24,No
850405,2026-02-09,2026-02,FY26-Q1,Evergreen Schools,Public Sector,Education,United States,North America,Jordan Reyes,Automation,Workflows,Workflow Orchestrator,44,7000.00,3,3985.00,Renewal Desk,Inbound,Provisioned,US West,Priority,Subscription,Hybrid,Premier,Renewal,36,Yes
850406,2026-02-10,2026-02,FY26-Q1,Frontier Energy,Enterprise,Energy,United Kingdom,Europe,Logan Chen,Managed Services,Backup,Recovery Assurance Service,4,10675.00,10,6305.00,Marketplace,Inbound,Active,Europe West,Strategic,Managed Services,Hybrid,Premier,Net New,12,No
850407,2026-02-11,2026-02,FY26-Q1,Granite Aerospace,Enterprise,Aerospace,United States,North America,Taylor Brooks,Data Integration,Pipelines,API Ingestion Hub,12,3700.00,17,2000.00,Renewal Desk,Inbound,Renewal Pending,US Central,Priority,Subscription,Customer Managed,Premier,Renewal,24,Yes
850408,2026-02-12,2026-02,FY26-Q1,Harbor Foods,SMB,Consumer Goods,Brazil,Latin America,Riley Morgan,Analytics,Operations,Operations Command Dashboard,14,7325.00,15,3910.00,Direct,Outbound,Provisioned,Latin America South,Standard,Subscription,Azure Managed,Advanced,Net New,24,No
850409,2026-02-13,2026-02,FY26-Q1,Ion Medical,Enterprise,Healthcare,Singapore,Asia Pacific,Skyler Bennett,Automation,Workflows,Workflow Orchestrator,20,7000.00,5,3915.00,Direct,Outbound,Provisioned,Asia Pacific South,Priority,Subscription,Azure Managed,Premier,Expansion,24,No
850410,2026-02-14,2026-02,FY26-Q1,Juniper Telecom,MidMarket,Telecommunications,Australia,Asia Pacific,Reese Turner,Managed Services,Backup,Recovery Assurance Service,2,10325.00,3,6300.00,Renewal Desk,Upsell,Renewal Pending,Asia Pacific South,Priority,Managed Services,Hybrid,Advanced,Renewal,24,Yes
850411,2026-02-15,2026-02,FY26-Q1,Kepler Robotics,Enterprise,Technology,Japan,Asia Pacific,Riley Morgan,Data Integration,Pipelines,API Ingestion Hub,38,4200.00,7,2205.00,Partner,Event,Active,Asia Pacific South,Priority,Subscription,Hybrid,Premier,Net New,12,No
850412,2026-02-16,2026-02,FY26-Q1,Lighthouse Media,SMB,Media,United Kingdom,Europe,Jordan Reyes,Analytics,Operations,Operations Command Dashboard,46,6925.00,8,3715.00,Partner,Event,Provisioned,Europe West,Standard,Subscription,Customer Managed,Advanced,Expansion,36,No
850413,2026-02-17,2026-02,FY26-Q1,Meridian Mining,Enterprise,Mining,South Africa,Middle East & Africa,Casey Singh,Automation,Workflows,Workflow Orchestrator,6,6500.00,17,3635.00,Renewal Desk,Inbound,Invoiced,Africa South,Priority,Subscription,Customer Managed,Advanced,Renewal,24,Yes
850414,2026-02-18,2026-02,FY26-Q1,Nimbus Hotels,MidMarket,Hospitality,United Arab Emirates,Middle East & Africa,Avery Cole,Managed Services,Backup,Recovery Assurance Service,2,10575.00,10,6365.00,Partner,Referral,Provisioned,Africa South,Standard,Managed Services,Hybrid,Premier,Expansion,24,No
850415,2026-02-19,2026-02,FY26-Q1,Orchard Biotech,Enterprise,Biotech,United States,North America,Quinn Foster,Data Integration,Pipelines,API Ingestion Hub,20,3950.00,20,2235.00,Renewal Desk,Inbound,Provisioned,US East,Priority,Subscription,Azure Managed,Premier,Renewal,24,Yes
850416,2026-02-20,2026-02,FY26-Q1,Pioneer Insurance,MidMarket,Insurance,Canada,North America,Logan Chen,Analytics,Operations,Operations Command Dashboard,29,7475.00,13,3920.00,Marketplace,Inbound,Provisioned,US West,Standard,Subscription,Hybrid,Advanced,Net New,24,No
850417,2026-02-21,2026-02,FY26-Q1,Quantum Freight,Enterprise,Logistics,Germany,Europe,Skyler Bennett,Automation,Workflows,Workflow Orchestrator,34,7000.00,5,3925.00,Marketplace,Upsell,Active,Europe West,Priority,Subscription,Hybrid,Premier,Expansion,36,No
850418,2026-02-22,2026-02,FY26-Q1,Redwood Capital,Enterprise,Financial Services,United States,North America,Logan Chen,Managed Services,Backup,Recovery Assurance Service,3,10425.00,10,6260.00,Renewal Desk,Upsell,Provisioned,US East,Strategic,Managed Services,Hybrid,Advanced,Renewal,12,Yes
850419,2026-02-23,2026-02,FY26-Q1,Summit Utilities,Public Sector,Utilities,United Kingdom,Europe,Morgan Patel,Data Integration,Pipelines,API Ingestion Hub,49,3450.00,15,1955.00,Direct,Inbound,Booked,Europe West,Priority,Subscription,Customer Managed,Advanced,Net New,24,No
850420,2026-02-24,2026-02,FY26-Q1,Tidal Commerce,SMB,Retail,Singapore,Asia Pacific,Casey Singh,Analytics,Operations,Operations Command Dashboard,8,7025.00,10,3855.00,Direct,Outbound,Booked,Asia Pacific South,Standard,Subscription,Azure Managed,Essentials,Expansion,36,No
850421,2026-02-25,2026-02,FY26-Q1,Umbra Security,MidMarket,Cybersecurity,Israel,Middle East & Africa,Morgan Patel,Automation,Workflows,Workflow Orchestrator,15,6600.00,12,3675.00,Direct,Inbound,Invoiced,Africa South,Standard,Subscription,Azure Managed,Essentials,Net New,24,No
850422,2026-02-26,2026-02,FY26-Q1,Vector Mobility,Enterprise,Transportation,Japan,Asia Pacific,Reese Turner,Managed Services,Backup,Recovery Assurance Service,2,10425.00,17,6240.00,Direct,Inbound,Invoiced,Asia Pacific South,Strategic,Managed Services,Hybrid,Advanced,Expansion,12,No
850423,2026-02-27,2026-02,FY26-Q1,Westbridge Pharma,Enterprise,Pharmaceuticals,Switzerland,Europe,Casey Singh,Data Integration,Pipelines,API Ingestion Hub,32,3950.00,5,2245.00,Renewal Desk,Inbound,Invoiced,Europe West,Priority,Subscription,Hybrid,Premier,Renewal,36,Yes
850424,2026-02-28,2026-02,FY26-Q1,Xenon Labs,SMB,Technology,India,Asia Pacific,Casey Singh,Analytics,Operations,Operations Command Dashboard,32,6925.00,3,3660.00,Partner,Event,Booked,Asia Pacific South,Standard,Subscription,Customer Managed,Essentials,Net New,24,No
850425,2026-03-01,2026-03,FY26-Q1,Yellowtail Resorts,SMB,Hospitality,Mexico,Latin America,Reese Turner,Automation,Workflows,Workflow Orchestrator,47,6450.00,8,3580.00,Partner,Referral,Invoiced,Latin America South,Standard,Subscription,Customer Managed,Essentials,Expansion,12,No
850426,2026-03-02,2026-03,FY26-Q1,Zenith Public Works,Public Sector,Government,United States,North America,Logan Chen,Managed Services,Backup,Recovery Assurance Service,3,10425.00,18,6220.00,Renewal Desk,Upsell,Invoiced,US West,Priority,Managed Services,Hybrid,Advanced,Renewal,12,Yes
850427,2026-03-03,2026-03,FY26-Q1,Asteria Foods,MidMarket,Consumer Goods,Spain,Europe,Casey Singh,Data Integration,Pipelines,API Ingestion Hub,10,3550.00,6,2090.00,Marketplace,Upsell,Active,Europe West,Standard,Subscription,Azure Managed,Advanced,Net New,36,No
850428,2026-03-04,2026-03,FY26-Q1,Borealis Health,Enterprise,Healthcare,Canada,North America,Cameron Kim,Analytics,Operations,Operations Command Dashboard,19,7575.00,17,4045.00,Renewal Desk,Upsell,Provisioned,US West,Priority,Subscription,Hybrid,Premier,Renewal,36,Yes
850429,2026-03-05,2026-03,FY26-Q1,Celestial Motors,Enterprise,Automotive,Germany,Europe,Avery Cole,Automation,Workflows,Workflow Orchestrator,27,7250.00,0,3965.00,Marketplace,Inbound,Active,Europe West,Priority,Subscription,Hybrid,Premier,Net New,12,No
850430,2026-03-06,2026-03,FY26-Q1,Driftline Apparel,SMB,Retail,Australia,Asia Pacific,Parker Diaz,Managed Services,Backup,Recovery Assurance Service,2,10425.00,0,6300.00,Marketplace,Inbound,Invoiced,Asia Pacific South,Standard,Managed Services,Hybrid,Advanced,Expansion,12,No
850431,2026-03-07,2026-03,FY26-Q1,Eclipse Networks,Enterprise,Telecommunications,United States,North America,Morgan Patel,Data Integration,Pipelines,API Ingestion Hub,41,3700.00,8,1980.00,Renewal Desk,Upsell,Renewal Pending,US Central,Priority,Subscription,Customer Managed,Premier,Renewal,24,Yes
850432,2026-03-08,2026-03,FY26-Q1,Fathom Analytics,MidMarket,Technology,Ireland,Europe,Quinn Foster,Analytics,Operations,Operations Command Dashboard,48,7275.00,3,3795.00,Direct,Outbound,Invoiced,Europe West,Standard,Subscription,Azure Managed,Essentials,Net New,12,No
850433,2026-03-09,2026-03,FY26-Q1,Greatwater Shipping,Enterprise,Logistics,Singapore,Asia Pacific,Casey Singh,Automation,Workflows,Workflow Orchestrator,12,7100.00,12,3895.00,Direct,Outbound,Provisioned,Asia Pacific South,Priority,Subscription,Azure Managed,Premier,Expansion,12,No
850434,2026-03-10,2026-03,FY26-Q1,Helios Devices,MidMarket,Manufacturing,Japan,Asia Pacific,Quinn Foster,Managed Services,Backup,Recovery Assurance Service,2,10175.00,11,6280.00,Renewal Desk,Inbound,Renewal Pending,Asia Pacific South,Priority,Managed Services,Hybrid,Advanced,Renewal,36,Yes
850435,2026-03-11,2026-03,FY26-Q1,Ironclad Construction,MidMarket,Construction,United Arab Emirates,Middle East & Africa,Skyler Bennett,Data Integration,Pipelines,API Ingestion Hub,28,3550.00,10,2105.00,Partner,Event,Invoiced,Africa South,Standard,Subscription,Hybrid,Essentials,Expansion,36,No
850436,2026-03-12,2026-03,FY26-Q1,Jetstream Travel,SMB,Travel,United Kingdom,Europe,Jordan Reyes,Analytics,Operations,Operations Command Dashboard,30,7175.00,18,3695.00,Renewal Desk,Inbound,Invoiced,Europe West,Priority,Subscription,Customer Managed,Advanced,Renewal,12,Yes
850437,2026-03-13,2026-03,FY26-Q1,Kestrel Finance,Enterprise,Financial Services,United States,North America,Casey Singh,Automation,Workflows,Workflow Orchestrator,36,6750.00,5,3700.00,Partner,Event,Provisioned,US Central,Priority,Subscription,Customer Managed,Premier,Net New,24,No
850438,2026-03-14,2026-03,FY26-Q1,Northstar Education,Public Sector,Education,Canada,North America,Logan Chen,Managed Services,Backup,Recovery Assurance Service,3,10425.00,10,6345.00,Partner,Referral,Active,US West,Priority,Managed Services,Hybrid,Premier,Expansion,36,No
850439,2026-03-15,2026-03,FY26-Q1,Optima Warehousing,MidMarket,Logistics,Netherlands,Europe,Avery Cole,Data Integration,Pipelines,API Ingestion Hub,7,3800.00,6,2130.00,Renewal Desk,Upsell,Provisioned,Europe West,Priority,Subscription,Azure Managed,Advanced,Renewal,12,Yes
850440,2026-03-16,2026-03,FY26-Q1,Pulse Renewables,Enterprise,Energy,Australia,Asia Pacific,Riley Morgan,Analytics,Operations,Operations Command Dashboard,12,7475.00,8,4000.00,Marketplace,Upsell,Booked,Asia Pacific South,Priority,Subscription,Hybrid,Advanced,Net New,24,No
850441,2026-03-17,2026-03,FY26-Q1,Alpine Manufacturing,Enterprise,Manufacturing,United States,North America,Cameron Kim,Platform,Enablement,Fabric Enablement Bundle,23,8400.00,8,4555.00,Marketplace,Inbound,Provisioned,US East,Strategic,Subscription,Azure Managed,Premier,Expansion,12,No
850442,2026-03-18,2026-03,FY26-Q1,Bluebird Retail,MidMarket,Retail,Canada,North America,Logan Chen,Security,Compliance,Compliance Evidence Hub,25,8125.00,6,4515.00,Marketplace,Inbound,Active,US Central,Standard,Subscription,Customer Managed,Advanced,Net New,12,No
850443,2026-03-19,2026-03,FY26-Q1,Canyon Health,Enterprise,Healthcare,United States,North America,Skyler Bennett,Lakehouse,Optimization,Delta Optimization Pack,30,6450.00,17,3620.00,Direct,Outbound,Active,US Central,Priority,Subscription,Customer Managed,Premier,Expansion,36,No
850444,2026-03-20,2026-03,FY26-Q1,Delta Logistics,MidMarket,Logistics,Germany,Europe,Parker Diaz,Governance,Catalog,Data Catalog Accelerator,39,5825.00,3,3235.00,Renewal Desk,Upsell,Provisioned,Europe North,Priority,Subscription,Azure Managed,Essentials,Renewal,36,Yes
850445,2026-03-21,2026-03,FY26-Q1,Evergreen Schools,Public Sector,Education,United States,North America,Riley Morgan,Platform,Enablement,Fabric Enablement Bundle,48,8150.00,8,4460.00,Direct,Outbound,Provisioned,US Central,Priority,Subscription,Customer Managed,Premier,Net New,12,No
850446,2026-03-22,2026-03,FY26-Q1,Frontier Energy,Enterprise,Energy,United Kingdom,Europe,Reese Turner,Security,Compliance,Compliance Evidence Hub,7,8675.00,5,4805.00,Direct,Inbound,Active,Europe West,Strategic,Subscription,Hybrid,Premier,Expansion,24,No
850447,2026-03-23,2026-03,FY26-Q1,Granite Aerospace,Enterprise,Aerospace,United States,North America,Casey Singh,Lakehouse,Optimization,Delta Optimization Pack,16,6850.00,13,3825.00,Renewal Desk,Inbound,Invoiced,US West,Priority,Subscription,Hybrid,Premier,Renewal,36,Yes
850448,2026-03-24,2026-03,FY26-Q1,Harbor Foods,SMB,Consumer Goods,Brazil,Latin America,Quinn Foster,Governance,Catalog,Data Catalog Accelerator,18,5725.00,12,3135.00,Direct,Outbound,Provisioned,Latin America South,Standard,Subscription,Customer Managed,Advanced,Net New,36,No
850449,2026-03-25,2026-03,FY26-Q1,Ion Medical,Enterprise,Healthcare,Singapore,Asia Pacific,Taylor Brooks,Platform,Enablement,Fabric Enablement Bundle,24,8300.00,15,4665.00,Renewal Desk,Inbound,Invoiced,Asia Pacific East,Strategic,Subscription,Hybrid,Premier,Renewal,36,Yes
850450,2026-03-26,2026-03,FY26-Q1,Juniper Telecom,MidMarket,Telecommunications,Australia,Asia Pacific,Morgan Patel,Security,Compliance,Compliance Evidence Hub,35,7975.00,10,4655.00,Partner,Referral,Invoiced,Asia Pacific South,Standard,Subscription,Azure Managed,Essentials,Net New,36,No
850451,2026-03-27,2026-03,FY26-Q1,Kepler Robotics,Enterprise,Technology,Japan,Asia Pacific,Quinn Foster,Lakehouse,Optimization,Delta Optimization Pack,42,6850.00,0,3755.00,Marketplace,Upsell,Active,Asia Pacific East,Priority,Subscription,Azure Managed,Premier,Expansion,24,No
850452,2026-03-28,2026-03,FY26-Q1,Lighthouse Media,SMB,Media,United Kingdom,Europe,Riley Morgan,Governance,Catalog,Data Catalog Accelerator,50,6375.00,8,3340.00,Renewal Desk,Inbound,Invoiced,Europe North,Priority,Subscription,Hybrid,Advanced,Renewal,12,Yes
850453,2026-03-29,2026-03,FY26-Q1,Meridian Mining,Enterprise,Mining,South Africa,Middle East & Africa,Skyler Bennett,Platform,Enablement,Fabric Enablement Bundle,10,7900.00,3,4510.00,Marketplace,Upsell,Booked,Middle East Hub,Priority,Subscription,Azure Managed,Advanced,Net New,36,No
850454,2026-03-30,2026-03,FY26-Q1,Nimbus Hotels,MidMarket,Hospitality,United Arab Emirates,Middle East & Africa,Cameron Kim,Security,Compliance,Compliance Evidence Hub,15,7875.00,1,4555.00,Marketplace,Inbound,Provisioned,Africa South,Standard,Subscription,Customer Managed,Advanced,Expansion,36,No
850455,2026-03-31,2026-03,FY26-Q1,Orchard Biotech,Enterprise,Biotech,United States,North America,Jordan Reyes,Lakehouse,Optimization,Delta Optimization Pack,24,6450.00,15,3660.00,Renewal Desk,Inbound,Renewal Pending,US Central,Priority,Subscription,Customer Managed,Premier,Renewal,36,Yes
850456,2026-04-01,2026-04,FY26-Q2,Pioneer Insurance,MidMarket,Insurance,Canada,North America,Reese Turner,Governance,Catalog,Data Catalog Accelerator,33,5975.00,10,3270.00,Marketplace,Inbound,Provisioned,US East,Standard,Subscription,Azure Managed,Advanced,Expansion,36,No
850457,2026-04-02,2026-04,FY26-Q2,Quantum Freight,Enterprise,Logistics,Germany,Europe,Taylor Brooks,Platform,Enablement,Fabric Enablement Bundle,38,8150.00,17,4400.00,Renewal Desk,Inbound,Renewal Pending,Europe North,Strategic,Subscription,Customer Managed,Premier,Renewal,12,Yes
850458,2026-04-03,2026-04,FY26-Q2,Redwood Capital,Enterprise,Financial Services,United States,North America,Reese Turner,Security,Compliance,Compliance Evidence Hub,45,8425.00,17,4760.00,Direct,Inbound,Invoiced,US West,Strategic,Subscription,Hybrid,Advanced,Net New,24,No
850459,2026-04-04,2026-04,FY26-Q2,Summit Utilities,Public Sector,Utilities,United Kingdom,Europe,Logan Chen,Lakehouse,Optimization,Delta Optimization Pack,7,6600.00,10,3780.00,Partner,Referral,Booked,Europe North,Priority,Subscription,Hybrid,Advanced,Expansion,36,No
850460,2026-04-05,2026-04,FY26-Q2,Tidal Commerce,SMB,Retail,Singapore,Asia Pacific,Skyler Bennett,Governance,Catalog,Data Catalog Accelerator,12,5825.00,11,3080.00,Renewal Desk,Inbound,Renewal Pending,Asia Pacific East,Priority,Subscription,Customer Managed,Essentials,Renewal,12,Yes
850461,2026-04-06,2026-04,FY26-Q2,Umbra Security,MidMarket,Cybersecurity,Israel,Middle East & Africa,Logan Chen,Platform,Enablement,Fabric Enablement Bundle,19,7900.00,3,4425.00,Partner,Referral,Invoiced,Middle East Hub,Standard,Subscription,Hybrid,Essentials,Net New,36,No
850462,2026-04-07,2026-04,FY26-Q2,Vector Mobility,Enterprise,Transportation,Japan,Asia Pacific,Morgan Patel,Security,Compliance,Compliance Evidence Hub,27,8275.00,10,4690.00,Partner,Referral,Invoiced,Asia Pacific South,Strategic,Subscription,Azure Managed,Advanced,Expansion,24,No
850463,2026-04-08,2026-04,FY26-Q2,Westbridge Pharma,Enterprise,Pharmaceuticals,Switzerland,Europe,Skyler Bennett,Lakehouse,Optimization,Delta Optimization Pack,36,6950.00,12,3795.00,Marketplace,Upsell,Provisioned,Europe North,Priority,Subscription,Azure Managed,Premier,Net New,12,No
850464,2026-04-09,2026-04,FY26-Q2,Xenon Labs,SMB,Technology,India,Asia Pacific,Skyler Bennett,Governance,Catalog,Data Catalog Accelerator,36,5975.00,0,3285.00,Partner,Event,Booked,Asia Pacific East,Standard,Subscription,Hybrid,Essentials,Expansion,36,No
850465,2026-04-10,2026-04,FY26-Q2,Yellowtail Resorts,SMB,Hospitality,Mexico,Latin America,Morgan Patel,Platform,Enablement,Fabric Enablement Bundle,5,7900.00,18,4455.00,Renewal Desk,Upsell,Provisioned,Latin America South,Priority,Subscription,Azure Managed,Essentials,Renewal,24,Yes
850466,2026-04-11,2026-04,FY26-Q2,Zenith Public Works,Public Sector,Government,United States,North America,Reese Turner,Security,Compliance,Compliance Evidence Hub,13,8025.00,6,4495.00,Marketplace,Inbound,Invoiced,US Central,Priority,Subscription,Customer Managed,Advanced,Net New,24,No
850467,2026-04-12,2026-04,FY26-Q2,Asteria Foods,MidMarket,Consumer Goods,Spain,Europe,Skyler Bennett,Lakehouse,Optimization,Delta Optimization Pack,14,6450.00,3,3515.00,Direct,Outbound,Active,Europe North,Standard,Subscription,Customer Managed,Advanced,Expansion,12,No
850468,2026-04-13,2026-04,FY26-Q2,Borealis Health,Enterprise,Healthcare,Canada,North America,Parker Diaz,Governance,Catalog,Data Catalog Accelerator,23,6475.00,15,3395.00,Renewal Desk,Upsell,Provisioned,US East,Priority,Subscription,Azure Managed,Premier,Renewal,12,Yes
850469,2026-04-14,2026-04,FY26-Q2,Celestial Motors,Enterprise,Automotive,Germany,Europe,Cameron Kim,Platform,Enablement,Fabric Enablement Bundle,31,8050.00,10,4440.00,Direct,Inbound,Active,Europe North,Strategic,Subscription,Customer Managed,Premier,Net New,24,No
850470,2026-04-15,2026-04,FY26-Q2,Driftline Apparel,SMB,Retail,Australia,Asia Pacific,Avery Cole,Security,Compliance,Compliance Evidence Hub,39,8275.00,13,4705.00,Renewal Desk,Upsell,Renewal Pending,Asia Pacific South,Priority,Subscription,Hybrid,Essentials,Renewal,24,Yes
850471,2026-04-16,2026-04,FY26-Q2,Eclipse Networks,Enterprise,Telecommunications,United States,North America,Logan Chen,Lakehouse,Optimization,Delta Optimization Pack,45,6850.00,17,3805.00,Partner,Referral,Active,US West,Priority,Subscription,Hybrid,Premier,Net New,36,No
850472,2026-04-17,2026-04,FY26-Q2,Fathom Analytics,MidMarket,Technology,Ireland,Europe,Jordan Reyes,Governance,Catalog,Data Catalog Accelerator,6,5725.00,0,3020.00,Direct,Outbound,Invoiced,Europe North,Standard,Subscription,Customer Managed,Essentials,Expansion,24,No
850473,2026-04-18,2026-04,FY26-Q2,Greatwater Shipping,Enterprise,Logistics,Singapore,Asia Pacific,Skyler Bennett,Platform,Enablement,Fabric Enablement Bundle,16,8450.00,5,4645.00,Renewal Desk,Inbound,Invoiced,Asia Pacific East,Strategic,Subscription,Hybrid,Premier,Renewal,24,Yes
850474,2026-04-19,2026-04,FY26-Q2,Helios Devices,MidMarket,Manufacturing,Japan,Asia Pacific,Jordan Reyes,Security,Compliance,Compliance Evidence Hub,18,8225.00,0,4635.00,Partner,Event,Invoiced,Asia Pacific South,Standard,Subscription,Azure Managed,Essentials,Net New,12,No
850475,2026-04-20,2026-04,FY26-Q2,Ironclad Construction,MidMarket,Construction,United Arab Emirates,Middle East & Africa,Taylor Brooks,Lakehouse,Optimization,Delta Optimization Pack,32,6550.00,3,3655.00,Marketplace,Upsell,Invoiced,Middle East Hub,Standard,Subscription,Azure Managed,Essentials,Expansion,12,No
850476,2026-04-21,2026-04,FY26-Q2,Jetstream Travel,SMB,Travel,United Kingdom,Europe,Riley Morgan,Governance,Catalog,Data Catalog Accelerator,34,6275.00,15,3320.00,Renewal Desk,Inbound,Invoiced,Europe North,Priority,Subscription,Hybrid,Advanced,Renewal,24,Yes
850477,2026-04-22,2026-04,FY26-Q2,Kestrel Finance,Enterprise,Financial Services,United States,North America,Skyler Bennett,Platform,Enablement,Fabric Enablement Bundle,40,8150.00,10,4575.00,Marketplace,Upsell,Provisioned,US East,Strategic,Subscription,Azure Managed,Premier,Expansion,36,No
850478,2026-04-23,2026-04,FY26-Q2,Northstar Education,Public Sector,Education,Canada,North America,Reese Turner,Security,Compliance,Compliance Evidence Hub,5,8375.00,6,4620.00,Renewal Desk,Upsell,Provisioned,US Central,Priority,Subscription,Customer Managed,Premier,Renewal,12,Yes
850479,2026-04-24,2026-04,FY26-Q2,Optima Warehousing,MidMarket,Logistics,Netherlands,Europe,Cameron Kim,Lakehouse,Optimization,Delta Optimization Pack,11,6350.00,15,3555.00,Direct,Inbound,Provisioned,Europe North,Standard,Subscription,Customer Managed,Advanced,Net New,24,No
850480,2026-04-25,2026-04,FY26-Q2,Pulse Renewables,Enterprise,Energy,Australia,Asia Pacific,Quinn Foster,Governance,Catalog,Data Catalog Accelerator,16,5975.00,5,3350.00,Marketplace,Upsell,Booked,Asia Pacific East,Priority,Subscription,Azure Managed,Advanced,Expansion,36,No
850481,2026-04-26,2026-04,FY26-Q2,Alpine Manufacturing,Enterprise,Manufacturing,United States,North America,Parker Diaz,Services,Migration,Migration Sprint,2,15480.00,8,9380.00,Renewal Desk,Upsell,Invoiced,US East,Strategic,Professional Services,Customer Managed,Premier,Renewal,6,Yes
850482,2026-04-27,2026-04,FY26-Q2,Bluebird Retail,MidMarket,Retail,Canada,North America,Reese Turner,Data Integration,Streaming,Event Stream Bridge,29,4325.00,3,2415.00,Marketplace,Inbound,Active,US Central,Standard,Subscription,Customer Managed,Advanced,Net New,24,No
850483,2026-04-28,2026-04,FY26-Q2,Canyon Health,Enterprise,Healthcare,United States,North America,Taylor Brooks,AI,Forecasting,Forecast Studio,34,9000.00,10,4820.00,Marketplace,Upsell,Active,US Central,Strategic,Subscription,Customer Managed,Premier,Expansion,12,No
850484,2026-04-29,2026-04,FY26-Q2,Delta Logistics,MidMarket,Logistics,Germany,Europe,Avery Cole,Automation,Incident,Incident Response Pack,43,7325.00,12,3985.00,Partner,Referral,Invoiced,Europe West,Standard,Subscription,Hybrid,Essentials,Net New,12,No
850485,2026-04-30,2026-04,FY26-Q2,Evergreen Schools,Public Sector,Education,United States,North America,Quinn Foster,Services,Migration,Migration Sprint,6,15880.00,1,9685.00,Marketplace,Upsell,Booked,US Central,Priority,Professional Services,Hybrid,Premier,Expansion,6,No
850486,2026-05-01,2026-05,FY26-Q2,Frontier Energy,Enterprise,Energy,United Kingdom,Europe,Morgan Patel,Data Integration,Streaming,Event Stream Bridge,11,4825.00,5,2705.00,Renewal Desk,Upsell,Renewal Pending,Europe North,Priority,Subscription,Hybrid,Premier,Renewal,36,Yes
850487,2026-05-02,2026-05,FY26-Q2,Granite Aerospace,Enterprise,Aerospace,United States,North America,Skyler Bennett,AI,Forecasting,Forecast Studio,20,9400.00,5,5025.00,Direct,Outbound,Active,US West,Strategic,Subscription,Hybrid,Premier,Net New,12,No
850488,2026-05-03,2026-05,FY26-Q2,Harbor Foods,SMB,Consumer Goods,Brazil,Latin America,Jordan Reyes,Automation,Incident,Incident Response Pack,22,7325.00,6,4010.00,Marketplace,Upsell,Provisioned,Latin America South,Standard,Subscription,Azure Managed,Advanced,Expansion,12,No
850489,2026-05-04,2026-05,FY26-Q2,Ion Medical,Enterprise,Healthcare,Singapore,Asia Pacific,Casey Singh,Services,Migration,Migration Sprint,2,15650.00,10,9615.00,Renewal Desk,Inbound,Renewal Pending,Asia Pacific South,Strategic,Professional Services,Azure Managed,Premier,Renewal,3,Yes
850490,2026-05-05,2026-05,FY26-Q2,Juniper Telecom,MidMarket,Telecommunications,Australia,Asia Pacific,Logan Chen,Data Integration,Streaming,Event Stream Bridge,39,4525.00,8,2555.00,Partner,Referral,Invoiced,Asia Pacific East,Standard,Subscription,Azure Managed,Essentials,Net New,12,No
850491,2026-05-06,2026-05,FY26-Q2,Kepler Robotics,Enterprise,Technology,Japan,Asia Pacific,Jordan Reyes,AI,Forecasting,Forecast Studio,46,9000.00,17,4955.00,Renewal Desk,Inbound,Invoiced,Asia Pacific South,Strategic,Subscription,Azure Managed,Premier,Renewal,36,Yes
850492,2026-05-07,2026-05,FY26-Q2,Lighthouse Media,SMB,Media,United Kingdom,Europe,Quinn Foster,Automation,Incident,Incident Response Pack,8,6975.00,0,3815.00,Direct,Outbound,Provisioned,Europe West,Standard,Subscription,Customer Managed,Advanced,Net New,24,No
850493,2026-05-08,2026-05,FY26-Q2,Meridian Mining,Enterprise,Mining,South Africa,Middle East & Africa,Taylor Brooks,Services,Migration,Migration Sprint,6,15150.00,17,9335.00,Partner,Event,Booked,Africa South,Strategic,Professional Services,Customer Managed,Advanced,Expansion,3,No
850494,2026-05-09,2026-05,FY26-Q2,Nimbus Hotels,MidMarket,Hospitality,United Arab Emirates,Middle East & Africa,Parker Diaz,Data Integration,Streaming,Event Stream Bridge,19,4425.00,3,2455.00,Renewal Desk,Upsell,Provisioned,Middle East Hub,Priority,Subscription,Customer Managed,Advanced,Renewal,12,Yes
850495,2026-05-10,2026-05,FY26-Q2,Orchard Biotech,Enterprise,Biotech,United States,North America,Riley Morgan,AI,Forecasting,Forecast Studio,28,9000.00,5,4860.00,Marketplace,Upsell,Active,US Central,Strategic,Subscription,Customer Managed,Premier,Net New,12,No
850496,2026-05-11,2026-05,FY26-Q2,Pioneer Insurance,MidMarket,Insurance,Canada,North America,Morgan Patel,Automation,Incident,Incident Response Pack,37,7475.00,8,4020.00,Partner,Referral,Provisioned,US West,Standard,Subscription,Hybrid,Advanced,Expansion,12,No
850497,2026-05-12,2026-05,FY26-Q2,Quantum Freight,Enterprise,Logistics,Germany,Europe,Casey Singh,Services,Migration,Migration Sprint,2,15880.00,13,9625.00,Renewal Desk,Inbound,Provisioned,Europe West,Strategic,Professional Services,Hybrid,Premier,Renewal,6,Yes
850498,2026-05-13,2026-05,FY26-Q2,Redwood Capital,Enterprise,Financial Services,United States,North America,Morgan Patel,Data Integration,Streaming,Event Stream Bridge,49,4575.00,14,2660.00,Direct,Inbound,Invoiced,US West,Priority,Subscription,Hybrid,Advanced,Expansion,36,No
850499,2026-05-14,2026-05,FY26-Q2,Summit Utilities,Public Sector,Utilities,United Kingdom,Europe,Reese Turner,AI,Forecasting,Forecast Studio,11,9150.00,8,4980.00,Renewal Desk,Upsell,Renewal Pending,Europe West,Priority,Subscription,Hybrid,Advanced,Renewal,12,Yes
850500,2026-05-15,2026-05,FY26-Q2,Tidal Commerce,SMB,Retail,Singapore,Asia Pacific,Taylor Brooks,Automation,Incident,Incident Response Pack,16,7075.00,1,3955.00,Marketplace,Upsell,Booked,Asia Pacific South,Standard,Subscription,Azure Managed,Essentials,Net New,24,No
850501,2026-05-16,2026-05,FY26-Q2,Umbra Security,MidMarket,Cybersecurity,Israel,Middle East & Africa,Reese Turner,Services,Migration,Migration Sprint,6,15250.00,15,9375.00,Direct,Inbound,Provisioned,Africa South,Standard,Professional Services,Azure Managed,Essentials,Expansion,3,No
850502,2026-05-17,2026-05,FY26-Q2,Vector Mobility,Enterprise,Transportation,Japan,Asia Pacific,Logan Chen,Data Integration,Streaming,Event Stream Bridge,31,4425.00,10,2590.00,Renewal Desk,Upsell,Invoiced,Asia Pacific East,Priority,Subscription,Azure Managed,Advanced,Renewal,36,Yes
850503,2026-05-18,2026-05,FY26-Q2,Westbridge Pharma,Enterprise,Pharmaceuticals,Switzerland,Europe,Taylor Brooks,AI,Forecasting,Forecast Studio,40,9150.00,10,4995.00,Partner,Event,Provisioned,Europe West,Strategic,Subscription,Azure Managed,Premier,Net New,24,No
850504,2026-05-19,2026-05,FY26-Q2,Xenon Labs,SMB,Technology,India,Asia Pacific,Taylor Brooks,Automation,Incident,Incident Response Pack,40,6925.00,12,3760.00,Direct,Outbound,Booked,Asia Pacific South,Standard,Subscription,Customer Managed,Essentials,Expansion,12,No
850505,2026-05-20,2026-05,FY26-Q2,Yellowtail Resorts,SMB,Hospitality,Mexico,Latin America,Logan Chen,Services,Migration,Migration Sprint,2,15150.00,10,9280.00,Partner,Referral,Booked,Latin America South,Standard,Professional Services,Customer Managed,Essentials,Net New,12,No
850506,2026-05-21,2026-05,FY26-Q2,Zenith Public Works,Public Sector,Government,United States,North America,Morgan Patel,Data Integration,Streaming,Event Stream Bridge,17,4175.00,3,2395.00,Marketplace,Inbound,Invoiced,US Central,Priority,Subscription,Customer Managed,Advanced,Expansion,36,No
850507,2026-05-22,2026-05,FY26-Q2,Asteria Foods,MidMarket,Consumer Goods,Spain,Europe,Taylor Brooks,AI,Forecasting,Forecast Studio,18,8650.00,18,4715.00,Renewal Desk,Inbound,Provisioned,Europe West,Priority,Subscription,Customer Managed,Advanced,Renewal,24,Yes
850508,2026-05-23,2026-05,FY26-Q2,Borealis Health,Enterprise,Healthcare,Canada,North America,Avery Cole,Automation,Incident,Incident Response Pack,27,7625.00,7,4145.00,Partner,Referral,Provisioned,US West,Priority,Subscription,Hybrid,Premier,Net New,24,No
850509,2026-05-24,2026-05,FY26-Q2,Celestial Motors,Enterprise,Automotive,Germany,Europe,Parker Diaz,Services,Migration,Migration Sprint,6,15950.00,3,9665.00,Marketplace,Inbound,Invoiced,Europe West,Strategic,Professional Services,Hybrid,Premier,Expansion,12,No
850510,2026-05-25,2026-05,FY26-Q2,Driftline Apparel,SMB,Retail,Australia,Asia Pacific,Cameron Kim,Data Integration,Streaming,Event Stream Bridge,43,4425.00,11,2605.00,Renewal Desk,Upsell,Renewal Pending,Asia Pacific East,Priority,Subscription,Hybrid,Essentials,Renewal,36,Yes
850511,2026-05-26,2026-05,FY26-Q2,Eclipse Networks,Enterprise,Telecommunications,United States,North America,Reese Turner,AI,Forecasting,Forecast Studio,49,9400.00,12,5005.00,Direct,Inbound,Active,US West,Strategic,Subscription,Hybrid,Premier,Net New,12,No
850512,2026-05-27,2026-05,FY26-Q2,Fathom Analytics,MidMarket,Technology,Ireland,Europe,Riley Morgan,Automation,Incident,Incident Response Pack,10,6925.00,15,3895.00,Renewal Desk,Inbound,Provisioned,Europe West,Priority,Subscription,Azure Managed,Essentials,Renewal,36,Yes
850513,2026-05-28,2026-05,FY26-Q2,Greatwater Shipping,Enterprise,Logistics,Singapore,Asia Pacific,Taylor Brooks,Services,Migration,Migration Sprint,2,15800.00,14,9595.00,Direct,Outbound,Booked,Asia Pacific South,Strategic,Professional Services,Azure Managed,Premier,Net New,12,No
850514,2026-05-29,2026-05,FY26-Q2,Helios Devices,MidMarket,Manufacturing,Japan,Asia Pacific,Riley Morgan,Data Integration,Streaming,Event Stream Bridge,22,4425.00,15,2535.00,Partner,Event,Invoiced,Asia Pacific East,Standard,Subscription,Azure Managed,Essentials,Expansion,24,No
850515,2026-05-30,2026-05,FY26-Q2,Ironclad Construction,MidMarket,Construction,United Arab Emirates,Middle East & Africa,Casey Singh,AI,Forecasting,Forecast Studio,36,8750.00,3,4855.00,Renewal Desk,Inbound,Invoiced,Africa South,Priority,Subscription,Azure Managed,Essentials,Renewal,24,Yes
850516,2026-05-31,2026-05,FY26-Q2,Jetstream Travel,SMB,Travel,United Kingdom,Europe,Quinn Foster,Automation,Incident,Incident Response Pack,38,6825.00,8,3795.00,Direct,Outbound,Provisioned,Europe West,Standard,Subscription,Customer Managed,Advanced,Net New,36,No
850517,2026-06-01,2026-06,FY26-Q2,Kestrel Finance,Enterprise,Financial Services,United States,North America,Taylor Brooks,Services,Migration,Migration Sprint,6,15400.00,7,9400.00,Partner,Event,Booked,US East,Strategic,Professional Services,Customer Managed,Premier,Expansion,3,No
850518,2026-06-02,2026-06,FY26-Q2,Northstar Education,Public Sector,Education,Canada,North America,Morgan Patel,Data Integration,Streaming,Event Stream Bridge,9,4575.00,3,2520.00,Renewal Desk,Upsell,Provisioned,US Central,Priority,Subscription,Customer Managed,Premier,Renewal,24,Yes
850519,2026-06-03,2026-06,FY26-Q2,Optima Warehousing,MidMarket,Logistics,Netherlands,Europe,Parker Diaz,AI,Forecasting,Forecast Studio,15,8500.00,8,4755.00,Marketplace,Inbound,Provisioned,Europe West,Standard,Subscription,Customer Managed,Advanced,Expansion,36,No
850520,2026-06-04,2026-06,FY26-Q2,Pulse Renewables,Enterprise,Energy,Australia,Asia Pacific,Jordan Reyes,Automation,Incident,Incident Response Pack,20,7475.00,5,4100.00,Renewal Desk,Inbound,Invoiced,Asia Pacific South,Priority,Subscription,Hybrid,Advanced,Renewal,12,Yes
850521,2026-06-05,2026-06,FY26-Q2,Alpine Manufacturing,Enterprise,Manufacturing,United States,North America,Avery Cole,Security,Identity,Identity Guard for Fabric,31,7650.00,15,4355.00,Marketplace,Inbound,Provisioned,US East,Priority,Subscription,Azure Managed,Premier,Net New,36,No
850522,2026-06-06,2026-06,FY26-Q2,Bluebird Retail,MidMarket,Retail,Canada,North America,Morgan Patel,Analytics,Executive Reporting,Executive Scorecard Model,33,7525.00,0,4190.00,Direct,Inbound,Active,US East,Standard,Subscription,Azure Managed,Advanced,Expansion,36,No
850523,2026-06-07,2026-06,FY26-Q2,Canyon Health,Enterprise,Healthcare,United States,North America,Casey Singh,Governance,Security,Access Policy Monitor,38,6800.00,13,3645.00,Renewal Desk,Inbound,Renewal Pending,US West,Priority,Subscription,Hybrid,Premier,Renewal,24,Yes
850524,2026-06-08,2026-06,FY26-Q2,Delta Logistics,MidMarket,Logistics,Germany,Europe,Cameron Kim,Managed Services,Support,Managed Monitoring Service,2,9425.00,5,5730.00,Direct,Inbound,Invoiced,Europe North,Standard,Managed Services,Azure Managed,Advanced,Net New,24,No
850525,2026-06-09,2026-06,FY26-Q2,Evergreen Schools,Public Sector,Education,United States,North America,Jordan Reyes,Security,Identity,Identity Guard for Fabric,10,7400.00,15,4260.00,Direct,Outbound,Provisioned,US Central,Priority,Subscription,Customer Managed,Premier,Expansion,36,No
850526,2026-06-10,2026-06,FY26-Q2,Frontier Energy,Enterprise,Energy,United Kingdom,Europe,Logan Chen,Analytics,Executive Reporting,Executive Scorecard Model,15,7775.00,14,4080.00,Partner,Referral,Active,Europe North,Priority,Subscription,Customer Managed,Premier,Net New,12,No
850527,2026-06-11,2026-06,FY26-Q2,Granite Aerospace,Enterprise,Aerospace,United States,North America,Taylor Brooks,Governance,Security,Access Policy Monitor,24,6650.00,2,3575.00,Partner,Event,Active,US East,Priority,Subscription,Azure Managed,Premier,Expansion,24,No
850528,2026-06-12,2026-06,FY26-Q2,Harbor Foods,SMB,Consumer Goods,Brazil,Latin America,Riley Morgan,Managed Services,Support,Managed Monitoring Service,1,9675.00,3,5795.00,Renewal Desk,Inbound,Invoiced,Latin America South,Priority,Managed Services,Azure Managed,Premier,Renewal,24,Yes
850529,2026-06-13,2026-06,FY26-Q2,Ion Medical,Enterprise,Healthcare,Singapore,Asia Pacific,Skyler Bennett,Security,Identity,Identity Guard for Fabric,32,7950.00,2,4465.00,Partner,Event,Provisioned,Asia Pacific East,Priority,Subscription,Hybrid,Premier,Net New,24,No
850530,2026-06-14,2026-06,FY26-Q2,Juniper Telecom,MidMarket,Telecommunications,Australia,Asia Pacific,Reese Turner,Analytics,Executive Reporting,Executive Scorecard Model,43,7675.00,1,4205.00,Marketplace,Inbound,Invoiced,Asia Pacific East,Standard,Subscription,Hybrid,Essentials,Expansion,24,No
850531,2026-06-15,2026-06,FY26-Q2,Kepler Robotics,Enterprise,Technology,Japan,Asia Pacific,Riley Morgan,Governance,Security,Access Policy Monitor,50,6500.00,15,3380.00,Renewal Desk,Inbound,Provisioned,Asia Pacific East,Priority,Subscription,Customer Managed,Premier,Renewal,12,Yes
850532,2026-06-16,2026-06,FY26-Q2,Lighthouse Media,SMB,Media,United Kingdom,Europe,Jordan Reyes,Managed Services,Support,Managed Monitoring Service,2,9525.00,8,5775.00,Marketplace,Upsell,Provisioned,Europe North,Standard,Managed Services,Azure Managed,Premier,Net New,36,No
850533,2026-06-17,2026-06,FY26-Q2,Meridian Mining,Enterprise,Mining,South Africa,Middle East & Africa,Casey Singh,Security,Identity,Identity Guard for Fabric,18,7550.00,15,4310.00,Renewal Desk,Inbound,Provisioned,Middle East Hub,Priority,Subscription,Azure Managed,Advanced,Renewal,24,Yes
850534,2026-06-18,2026-06,FY26-Q2,Nimbus Hotels,MidMarket,Hospitality,United Arab Emirates,Middle East & Africa,Avery Cole,Analytics,Executive Reporting,Executive Scorecard Model,23,7675.00,12,4230.00,Direct,Inbound,Provisioned,Middle East Hub,Standard,Subscription,Azure Managed,Advanced,Net New,24,No
850535,2026-06-19,2026-06,FY26-Q2,Orchard Biotech,Enterprise,Biotech,United States,North America,Quinn Foster,Governance,Security,Access Policy Monitor,32,6800.00,5,3685.00,Direct,Outbound,Active,US West,Priority,Subscription,Hybrid,Premier,Expansion,24,No
850536,2026-06-20,2026-06,FY26-Q2,Pioneer Insurance,MidMarket,Insurance,Canada,North America,Logan Chen,Managed Services,Support,Managed Monitoring Service,1,9675.00,3,5755.00,Renewal Desk,Upsell,Renewal Pending,US West,Priority,Managed Services,Azure Managed,Premier,Renewal,24,Yes
850537,2026-06-21,2026-06,FY26-Q2,Quantum Freight,Enterprise,Logistics,Germany,Europe,Skyler Bennett,Security,Identity,Identity Guard for Fabric,46,7400.00,5,4200.00,Direct,Outbound,Active,Europe North,Priority,Subscription,Customer Managed,Premier,Net New,36,No
850538,2026-06-22,2026-06,FY26-Q2,Redwood Capital,Enterprise,Financial Services,United States,North America,Logan Chen,Analytics,Executive Reporting,Executive Scorecard Model,7,7525.00,10,4035.00,Partner,Referral,Invoiced,US Central,Priority,Subscription,Customer Managed,Advanced,Expansion,12,No
850539,2026-06-23,2026-06,FY26-Q2,Summit Utilities,Public Sector,Utilities,United Kingdom,Europe,Morgan Patel,Governance,Security,Access Policy Monitor,15,6400.00,6,3530.00,Renewal Desk,Upsell,Invoiced,Europe North,Priority,Subscription,Azure Managed,Advanced,Renewal,24,Yes
850540,2026-06-24,2026-06,FY26-Q2,Tidal Commerce,SMB,Retail,Singapore,Asia Pacific,Casey Singh,Managed Services,Support,Managed Monitoring Service,4,9275.00,12,5750.00,Partner,Event,Booked,Asia Pacific East,Standard,Managed Services,Azure Managed,Advanced,Expansion,36,No
850541,2026-06-25,2026-06,FY26-Q2,Umbra Security,MidMarket,Cybersecurity,Israel,Middle East & Africa,Morgan Patel,Security,Identity,Identity Guard for Fabric,27,7550.00,13,4225.00,Renewal Desk,Upsell,Invoiced,Middle East Hub,Priority,Subscription,Hybrid,Essentials,Renewal,24,Yes
850542,2026-06-26,2026-06,FY26-Q2,Vector Mobility,Enterprise,Transportation,Japan,Asia Pacific,Reese Turner,Analytics,Executive Reporting,Executive Scorecard Model,35,7925.00,0,4240.00,Marketplace,Inbound,Invoiced,Asia Pacific East,Priority,Subscription,Hybrid,Advanced,Net New,12,No
850543,2026-06-27,2026-06,FY26-Q2,Westbridge Pharma,Enterprise,Pharmaceuticals,Switzerland,Europe,Casey Singh,Governance,Security,Access Policy Monitor,44,6250.00,5,3420.00,Marketplace,Upsell,Provisioned,Europe North,Priority,Subscription,Customer Managed,Premier,Expansion,36,No
850544,2026-06-28,2026-06,FY26-Q2,Xenon Labs,SMB,Technology,India,Asia Pacific,Casey Singh,Managed Services,Support,Managed Monitoring Service,4,9425.00,8,5730.00,Renewal Desk,Inbound,Provisioned,Asia Pacific East,Priority,Managed Services,Azure Managed,Advanced,Renewal,24,Yes
850545,2026-06-29,2026-06,FY26-Q2,Yellowtail Resorts,SMB,Hospitality,Mexico,Latin America,Reese Turner,Security,Identity,Identity Guard for Fabric,13,7500.00,3,4255.00,Marketplace,Inbound,Invoiced,Latin America South,Standard,Subscription,Azure Managed,Essentials,Net New,12,No
850546,2026-06-30,2026-06,FY26-Q2,Zenith Public Works,Public Sector,Government,United States,North America,Logan Chen,Analytics,Executive Reporting,Executive Scorecard Model,21,7775.00,0,4170.00,Direct,Inbound,Invoiced,US East,Priority,Subscription,Azure Managed,Advanced,Expansion,12,No
850547,2026-07-01,2026-07,FY26-Q3,Asteria Foods,MidMarket,Consumer Goods,Spain,Europe,Casey Singh,Governance,Security,Access Policy Monitor,22,6400.00,12,3540.00,Direct,Outbound,Active,Europe North,Standard,Subscription,Hybrid,Advanced,Net New,36,No
850548,2026-07-02,2026-07,FY26-Q3,Borealis Health,Enterprise,Healthcare,Canada,North America,Cameron Kim,Managed Services,Support,Managed Monitoring Service,1,9525.00,17,5795.00,Direct,Inbound,Provisioned,US West,Strategic,Managed Services,Azure Managed,Premier,Expansion,36,No
850549,2026-07-03,2026-07,FY26-Q3,Celestial Motors,Enterprise,Automotive,Germany,Europe,Avery Cole,Security,Identity,Identity Guard for Fabric,39,7650.00,20,4240.00,Renewal Desk,Upsell,Renewal Pending,Europe North,Priority,Subscription,Customer Managed,Premier,Renewal,12,Yes
850550,2026-07-04,2026-07,FY26-Q3,Driftline Apparel,SMB,Retail,Australia,Asia Pacific,Parker Diaz,Analytics,Executive Reporting,Executive Scorecard Model,47,7375.00,3,3980.00,Partner,Referral,Invoiced,Asia Pacific East,Standard,Subscription,Customer Managed,Essentials,Net New,12,No
850551,2026-07-05,2026-07,FY26-Q3,Eclipse Networks,Enterprise,Telecommunications,United States,North America,Morgan Patel,Governance,Security,Access Policy Monitor,7,6650.00,10,3555.00,Partner,Referral,Active,US East,Priority,Subscription,Azure Managed,Premier,Expansion,24,No
850552,2026-07-06,2026-07,FY26-Q3,Fathom Analytics,MidMarket,Technology,Ireland,Europe,Quinn Foster,Managed Services,Support,Managed Monitoring Service,2,9525.00,8,5690.00,Renewal Desk,Inbound,Invoiced,Europe North,Priority,Managed Services,Azure Managed,Advanced,Renewal,12,Yes
850553,2026-07-07,2026-07,FY26-Q3,Greatwater Shipping,Enterprise,Logistics,Singapore,Asia Pacific,Casey Singh,Security,Identity,Identity Guard for Fabric,24,8050.00,10,4445.00,Partner,Event,Provisioned,Asia Pacific East,Strategic,Subscription,Hybrid,Premier,Net New,12,No
850554,2026-07-08,2026-07,FY26-Q3,Helios Devices,MidMarket,Manufacturing,Japan,Asia Pacific,Quinn Foster,Analytics,Executive Reporting,Executive Scorecard Model,26,7525.00,13,4185.00,Renewal Desk,Inbound,Provisioned,Asia Pacific East,Priority,Subscription,Hybrid,Essentials,Renewal,36,Yes
850555,2026-07-09,2026-07,FY26-Q3,Ironclad Construction,MidMarket,Construction,United Arab Emirates,Middle East & Africa,Skyler Bennett,Governance,Security,Access Policy Monitor,40,5850.00,13,3280.00,Marketplace,Upsell,Invoiced,Middle East Hub,Standard,Subscription,Customer Managed,Essentials,Net New,36,No
850556,2026-07-10,2026-07,FY26-Q3,Jetstream Travel,SMB,Travel,United Kingdom,Europe,Jordan Reyes,Managed Services,Support,Managed Monitoring Service,2,9775.00,0,5755.00,Marketplace,Upsell,Provisioned,Europe North,Standard,Managed Services,Azure Managed,Premier,Expansion,12,No
850557,2026-07-11,2026-07,FY26-Q3,Kestrel Finance,Enterprise,Financial Services,United States,North America,Casey Singh,Security,Identity,Identity Guard for Fabric,48,7800.00,5,4375.00,Renewal Desk,Inbound,Provisioned,US East,Priority,Subscription,Azure Managed,Premier,Renewal,24,Yes
850558,2026-07-12,2026-07,FY26-Q3,Northstar Education,Public Sector,Education,Canada,North America,Logan Chen,Analytics,Executive Reporting,Executive Scorecard Model,13,7775.00,12,4295.00,Direct,Inbound,Active,US East,Priority,Subscription,Azure Managed,Premier,Net New,36,No
850559,2026-07-13,2026-07,FY26-Q3,Optima Warehousing,MidMarket,Logistics,Netherlands,Europe,Avery Cole,Governance,Security,Access Policy Monitor,19,6650.00,8,3580.00,Direct,Inbound,Provisioned,Europe North,Standard,Subscription,Hybrid,Advanced,Expansion,12,No
850560,2026-07-14,2026-07,FY26-Q3,Pulse Renewables,Enterprise,Energy,Australia,Asia Pacific,Riley Morgan,Managed Services,Support,Managed Monitoring Service,4,9425.00,15,5750.00,Renewal Desk,Inbound,Renewal Pending,Asia Pacific East,Strategic,Managed Services,Azure Managed,Advanced,Renewal,24,Yes
850561,2026-07-15,2026-07,FY26-Q3,Alpine Manufacturing,Enterprise,Manufacturing,United States,North America,Cameron Kim,Lakehouse,Foundation,Lakehouse Foundation,35,6000.00,14,3255.00,Partner,Referral,Provisioned,US East,Priority,Subscription,Azure Managed,Premier,Expansion,12,No
850562,2026-07-16,2026-07,FY26-Q3,Bluebird Retail,MidMarket,Retail,Canada,North America,Logan Chen,AI,Recommendations,Recommendation Studio,37,9875.00,15,5390.00,Renewal Desk,Upsell,Renewal Pending,US East,Priority,Subscription,Azure Managed,Advanced,Renewal,12,Yes
850563,2026-07-17,2026-07,FY26-Q3,Canyon Health,Enterprise,Healthcare,United States,North America,Skyler Bennett,Platform,Capacity,Capacity Planner Toolkit,42,5400.00,17,2895.00,Partner,Event,Active,US East,Priority,Subscription,Azure Managed,Premier,Net New,36,No
850564,2026-07-18,2026-07,FY26-Q3,Delta Logistics,MidMarket,Logistics,Germany,Europe,Parker Diaz,Services,Training,Training Accelerator,2,7025.00,15,3585.00,Partner,Referral,Invoiced,Europe West,Standard,Professional Services,Hybrid,Essentials,Expansion,12,No
850565,2026-07-19,2026-07,FY26-Q3,Evergreen Schools,Public Sector,Education,United States,North America,Riley Morgan,Lakehouse,Foundation,Lakehouse Foundation,14,5750.00,15,3160.00,Renewal Desk,Inbound,Provisioned,US Central,Priority,Subscription,Customer Managed,Premier,Renewal,12,Yes
850566,2026-07-20,2026-07,FY26-Q3,Frontier Energy,Enterprise,Energy,United Kingdom,Europe,Reese Turner,AI,Recommendations,Recommendation Studio,19,9775.00,10,5280.00,Partner,Referral,Active,Europe North,Strategic,Subscription,Customer Managed,Premier,Net New,24,No
850567,2026-07-21,2026-07,FY26-Q3,Granite Aerospace,Enterprise,Aerospace,United States,North America,Casey Singh,Platform,Capacity,Capacity Planner Toolkit,28,5150.00,8,2700.00,Marketplace,Upsell,Active,US Central,Priority,Subscription,Customer Managed,Premier,Expansion,36,No
850568,2026-07-22,2026-07,FY26-Q3,Harbor Foods,SMB,Consumer Goods,Brazil,Latin America,Quinn Foster,Services,Training,Training Accelerator,6,7025.00,8,3610.00,Marketplace,Upsell,Booked,Latin America South,Standard,Professional Services,Azure Managed,Advanced,Net New,12,No
850569,2026-07-23,2026-07,FY26-Q3,Ion Medical,Enterprise,Healthcare,Singapore,Asia Pacific,Taylor Brooks,Lakehouse,Foundation,Lakehouse Foundation,36,5900.00,17,3365.00,Direct,Outbound,Provisioned,Asia Pacific East,Priority,Subscription,Hybrid,Premier,Expansion,36,No
850570,2026-07-24,2026-07,FY26-Q3,Juniper Telecom,MidMarket,Telecommunications,Australia,Asia Pacific,Morgan Patel,AI,Recommendations,Recommendation Studio,47,9625.00,18,5405.00,Renewal Desk,Upsell,Provisioned,Asia Pacific East,Priority,Subscription,Hybrid,Essentials,Renewal,36,Yes
850571,2026-07-25,2026-07,FY26-Q3,Kepler Robotics,Enterprise,Technology,Japan,Asia Pacific,Quinn Foster,Platform,Capacity,Capacity Planner Toolkit,8,5700.00,2,2905.00,Direct,Outbound,Active,Asia Pacific East,Priority,Subscription,Hybrid,Premier,Net New,24,No
850572,2026-07-26,2026-07,FY26-Q3,Lighthouse Media,SMB,Media,United Kingdom,Europe,Riley Morgan,Services,Training,Training Accelerator,2,6625.00,3,3415.00,Direct,Outbound,Invoiced,Europe West,Standard,Professional Services,Customer Managed,Advanced,Expansion,3,No
850573,2026-07-27,2026-07,FY26-Q3,Meridian Mining,Enterprise,Mining,South Africa,Middle East & Africa,Skyler Bennett,Lakehouse,Foundation,Lakehouse Foundation,22,5500.00,13,3210.00,Renewal Desk,Inbound,Invoiced,Middle East Hub,Priority,Subscription,Azure Managed,Advanced,Renewal,36,Yes
850574,2026-07-28,2026-07,FY26-Q3,Nimbus Hotels,MidMarket,Hospitality,United Arab Emirates,Middle East & Africa,Cameron Kim,AI,Recommendations,Recommendation Studio,27,9625.00,8,5430.00,Direct,Inbound,Provisioned,Middle East Hub,Standard,Subscription,Azure Managed,Advanced,Net New,36,No
850575,2026-07-29,2026-07,FY26-Q3,Orchard Biotech,Enterprise,Biotech,United States,North America,Jordan Reyes,Platform,Capacity,Capacity Planner Toolkit,36,5400.00,15,2935.00,Renewal Desk,Inbound,Invoiced,US East,Priority,Subscription,Azure Managed,Premier,Renewal,36,Yes
850576,2026-07-30,2026-07,FY26-Q3,Pioneer Insurance,MidMarket,Insurance,Canada,North America,Reese Turner,Services,Training,Training Accelerator,6,7175.00,10,3620.00,Partner,Referral,Provisioned,US Central,Standard,Professional Services,Hybrid,Advanced,Net New,12,No
850577,2026-07-31,2026-07,FY26-Q3,Quantum Freight,Enterprise,Logistics,Germany,Europe,Taylor Brooks,Lakehouse,Foundation,Lakehouse Foundation,50,5750.00,0,3100.00,Marketplace,Upsell,Active,Europe North,Priority,Subscription,Customer Managed,Premier,Expansion,12,No
850578,2026-08-01,2026-08,FY26-Q3,Redwood Capital,Enterprise,Financial Services,United States,North America,Reese Turner,AI,Recommendations,Recommendation Studio,11,9525.00,8,5235.00,Renewal Desk,Upsell,Invoiced,US Central,Strategic,Subscription,Customer Managed,Advanced,Renewal,24,Yes
850579,2026-08-02,2026-08,FY26-Q3,Summit Utilities,Public Sector,Utilities,United Kingdom,Europe,Logan Chen,Platform,Capacity,Capacity Planner Toolkit,19,4900.00,8,2655.00,Marketplace,Inbound,Booked,Europe North,Priority,Subscription,Customer Managed,Advanced,Net New,36,No
850580,2026-08-03,2026-08,FY26-Q3,Tidal Commerce,SMB,Retail,Singapore,Asia Pacific,Skyler Bennett,Services,Training,Training Accelerator,2,6725.00,3,3555.00,Marketplace,Upsell,Invoiced,Asia Pacific South,Standard,Professional Services,Azure Managed,Essentials,Expansion,3,No
850581,2026-08-04,2026-08,FY26-Q3,Umbra Security,MidMarket,Cybersecurity,Israel,Middle East & Africa,Logan Chen,Lakehouse,Foundation,Lakehouse Foundation,31,5500.00,11,3125.00,Renewal Desk,Upsell,Renewal Pending,Middle East Hub,Priority,Subscription,Hybrid,Essentials,Renewal,36,Yes
850582,2026-08-05,2026-08,FY26-Q3,Vector Mobility,Enterprise,Transportation,Japan,Asia Pacific,Morgan Patel,AI,Recommendations,Recommendation Studio,39,9925.00,12,5440.00,Marketplace,Inbound,Invoiced,Asia Pacific East,Strategic,Subscription,Hybrid,Advanced,Expansion,24,No
850583,2026-08-06,2026-08,FY26-Q3,Westbridge Pharma,Enterprise,Pharmaceuticals,Switzerland,Europe,Skyler Bennett,Platform,Capacity,Capacity Planner Toolkit,48,5800.00,17,2945.00,Renewal Desk,Inbound,Renewal Pending,Europe North,Priority,Subscription,Hybrid,Premier,Renewal,12,Yes
850584,2026-08-07,2026-08,FY26-Q3,Xenon Labs,SMB,Technology,India,Asia Pacific,Skyler Bennett,Services,Training,Training Accelerator,6,6625.00,15,3360.00,Direct,Outbound,Invoiced,Asia Pacific South,Standard,Professional Services,Customer Managed,Essentials,Net New,12,No
850585,2026-08-08,2026-08,FY26-Q3,Yellowtail Resorts,SMB,Hospitality,Mexico,Latin America,Morgan Patel,Lakehouse,Foundation,Lakehouse Foundation,17,5500.00,3,3155.00,Partner,Referral,Invoiced,Latin America South,Standard,Subscription,Azure Managed,Essentials,Expansion,24,No
850586,2026-08-09,2026-08,FY26-Q3,Zenith Public Works,Public Sector,Government,United States,North America,Reese Turner,AI,Recommendations,Recommendation Studio,25,9775.00,15,5370.00,Renewal Desk,Upsell,Renewal Pending,US East,Priority,Subscription,Azure Managed,Advanced,Renewal,24,Yes
850587,2026-08-10,2026-08,FY26-Q3,Asteria Foods,MidMarket,Consumer Goods,Spain,Europe,Skyler Bennett,Platform,Capacity,Capacity Planner Toolkit,26,5400.00,3,2790.00,Partner,Event,Active,Europe North,Standard,Subscription,Azure Managed,Advanced,Net New,12,No
850588,2026-08-11,2026-08,FY26-Q3,Borealis Health,Enterprise,Healthcare,Canada,North America,Parker Diaz,Services,Training,Training Accelerator,2,7275.00,10,3745.00,Partner,Referral,Invoiced,US Central,Priority,Professional Services,Hybrid,Premier,Expansion,3,No
850589,2026-08-12,2026-08,FY26-Q3,Celestial Motors,Enterprise,Automotive,Germany,Europe,Cameron Kim,Lakehouse,Foundation,Lakehouse Foundation,43,5650.00,12,3140.00,Marketplace,Inbound,Active,Europe North,Priority,Subscription,Customer Managed,Premier,Net New,24,No
850590,2026-08-13,2026-08,FY26-Q3,Driftline Apparel,SMB,Retail,Australia,Asia Pacific,Avery Cole,AI,Recommendations,Recommendation Studio,5,9375.00,15,5180.00,Partner,Referral,Invoiced,Asia Pacific East,Standard,Subscription,Customer Managed,Essentials,Expansion,24,No
850591,2026-08-14,2026-08,FY26-Q3,Eclipse Networks,Enterprise,Telecommunications,United States,North America,Logan Chen,Platform,Capacity,Capacity Planner Toolkit,11,5150.00,20,2680.00,Renewal Desk,Upsell,Provisioned,US Central,Priority,Subscription,Customer Managed,Premier,Renewal,36,Yes
850592,2026-08-15,2026-08,FY26-Q3,Fathom Analytics,MidMarket,Technology,Ireland,Europe,Jordan Reyes,Services,Training,Training Accelerator,6,6805.00,13,3495.00,Marketplace,Upsell,Provisioned,Europe West,Standard,Professional Services,Azure Managed,Essentials,Net New,6,No
850593,2026-08-16,2026-08,FY26-Q3,Greatwater Shipping,Enterprise,Logistics,Singapore,Asia Pacific,Skyler Bennett,Lakehouse,Foundation,Lakehouse Foundation,28,6050.00,7,3345.00,Direct,Outbound,Provisioned,Asia Pacific East,Priority,Subscription,Hybrid,Premier,Expansion,24,No
850594,2026-08-17,2026-08,FY26-Q3,Helios Devices,MidMarket,Manufacturing,Japan,Asia Pacific,Jordan Reyes,AI,Recommendations,Recommendation Studio,30,9875.00,8,5385.00,Renewal Desk,Inbound,Provisioned,Asia Pacific East,Priority,Subscription,Hybrid,Essentials,Renewal,12,Yes
850595,2026-08-18,2026-08,FY26-Q3,Ironclad Construction,MidMarket,Construction,United Arab Emirates,Middle East & Africa,Taylor Brooks,Platform,Capacity,Capacity Planner Toolkit,44,5400.00,5,2805.00,Direct,Outbound,Invoiced,Middle East Hub,Standard,Subscription,Hybrid,Essentials,Net New,12,No
850596,2026-08-19,2026-08,FY26-Q3,Jetstream Travel,SMB,Travel,United Kingdom,Europe,Riley Morgan,Services,Training,Training Accelerator,2,6705.00,13,3395.00,Renewal Desk,Inbound,Renewal Pending,Europe West,Priority,Professional Services,Customer Managed,Advanced,Renewal,6,Yes
850597,2026-08-20,2026-08,FY26-Q3,Kestrel Finance,Enterprise,Financial Services,United States,North America,Skyler Bennett,Lakehouse,Foundation,Lakehouse Foundation,6,5750.00,17,3275.00,Partner,Event,Provisioned,US East,Priority,Subscription,Azure Managed,Premier,Net New,36,No
850598,2026-08-21,2026-08,FY26-Q3,Northstar Education,Public Sector,Education,Canada,North America,Reese Turner,AI,Recommendations,Recommendation Studio,17,10125.00,8,5495.00,Direct,Inbound,Active,US East,Priority,Subscription,Azure Managed,Premier,Expansion,12,No
850599,2026-08-22,2026-08,FY26-Q3,Optima Warehousing,MidMarket,Logistics,Netherlands,Europe,Cameron Kim,Platform,Capacity,Capacity Planner Toolkit,23,5300.00,18,2830.00,Renewal Desk,Upsell,Invoiced,Europe North,Priority,Subscription,Azure Managed,Advanced,Renewal,24,Yes
850600,2026-08-23,2026-08,FY26-Q3,Pulse Renewables,Enterprise,Energy,Australia,Asia Pacific,Quinn Foster,Services,Training,Training Accelerator,6,7175.00,5,3700.00,Partner,Event,Booked,Asia Pacific South,Priority,Professional Services,Hybrid,Advanced,Net New,12,No
850601,2026-08-24,2026-08,FY26-Q3,Alpine Manufacturing,Enterprise,Manufacturing,United States,North America,Parker Diaz,Analytics,Operations,Operations Command Dashboard,39,7250.00,10,3780.00,Partner,Referral,Provisioned,US Central,Priority,Subscription,Customer Managed,Premier,Expansion,24,No
850602,2026-08-25,2026-08,FY26-Q3,Bluebird Retail,MidMarket,Retail,Canada,North America,Reese Turner,Automation,Workflows,Workflow Orchestrator,41,6525.00,13,3615.00,Renewal Desk,Upsell,Invoiced,US Central,Priority,Subscription,Customer Managed,Advanced,Renewal,24,Yes
850603,2026-08-26,2026-08,FY26-Q3,Canyon Health,Enterprise,Healthcare,United States,North America,Taylor Brooks,Managed Services,Backup,Recovery Assurance Service,4,10550.00,14,6295.00,Partner,Event,Active,US West,Strategic,Managed Services,Azure Managed,Premier,Expansion,12,No
850604,2026-08-27,2026-08,FY26-Q3,Delta Logistics,MidMarket,Logistics,Germany,Europe,Avery Cole,Data Integration,Pipelines,API Ingestion Hub,9,3675.00,15,2035.00,Renewal Desk,Upsell,Provisioned,Europe North,Priority,Subscription,Azure Managed,Essentials,Renewal,12,Yes
850605,2026-08-28,2026-08,FY26-Q3,Evergreen Schools,Public Sector,Education,United States,North America,Quinn Foster,Analytics,Operations,Operations Command Dashboard,18,7650.00,6,4085.00,Marketplace,Upsell,Provisioned,US West,Priority,Subscription,Hybrid,Premier,Net New,24,No
850606,2026-08-29,2026-08,FY26-Q3,Frontier Energy,Enterprise,Energy,United Kingdom,Europe,Morgan Patel,Automation,Workflows,Workflow Orchestrator,23,7025.00,5,3905.00,Marketplace,Inbound,Active,Europe North,Priority,Subscription,Hybrid,Premier,Expansion,36,No
850607,2026-08-30,2026-08,FY26-Q3,Granite Aerospace,Enterprise,Aerospace,United States,North America,Skyler Bennett,Managed Services,Backup,Recovery Assurance Service,4,10550.00,10,6275.00,Renewal Desk,Inbound,Provisioned,US East,Strategic,Managed Services,Azure Managed,Premier,Renewal,12,Yes
850608,2026-08-31,2026-08,FY26-Q3,Harbor Foods,SMB,Consumer Goods,Brazil,Latin America,Jordan Reyes,Data Integration,Pipelines,API Ingestion Hub,34,3575.00,8,1935.00,Direct,Outbound,Provisioned,Latin America South,Standard,Subscription,Customer Managed,Advanced,Net New,12,No
850609,2026-09-01,2026-09,FY26-Q3,Ion Medical,Enterprise,Healthcare,Singapore,Asia Pacific,Casey Singh,Analytics,Operations,Operations Command Dashboard,40,7600.00,12,4015.00,Direct,Outbound,Provisioned,Asia Pacific East,Priority,Subscription,Azure Managed,Premier,Expansion,12,No
850610,2026-09-02,2026-09,FY26-Q3,Juniper Telecom,MidMarket,Telecommunications,Australia,Asia Pacific,Logan Chen,Automation,Workflows,Workflow Orchestrator,5,6725.00,12,3755.00,Direct,Inbound,Invoiced,Asia Pacific East,Standard,Subscription,Azure Managed,Essentials,Net New,12,No
850611,2026-09-03,2026-09,FY26-Q3,Kepler Robotics,Enterprise,Technology,Japan,Asia Pacific,Jordan Reyes,Managed Services,Backup,Recovery Assurance Service,3,10300.00,17,6255.00,Direct,Outbound,Active,Asia Pacific East,Strategic,Managed Services,Azure Managed,Premier,Expansion,36,No
850612,2026-09-04,2026-09,FY26-Q3,Lighthouse Media,SMB,Media,United Kingdom,Europe,Quinn Foster,Data Integration,Pipelines,API Ingestion Hub,20,3875.00,3,2140.00,Renewal Desk,Inbound,Invoiced,Europe North,Priority,Subscription,Hybrid,Advanced,Renewal,24,Yes
850613,2026-09-05,2026-09,FY26-Q3,Meridian Mining,Enterprise,Mining,South Africa,Middle East & Africa,Taylor Brooks,Analytics,Operations,Operations Command Dashboard,26,7100.00,5,3735.00,Partner,Event,Booked,Middle East Hub,Priority,Subscription,Customer Managed,Advanced,Net New,12,No
850614,2026-09-06,2026-09,FY26-Q3,Nimbus Hotels,MidMarket,Hospitality,United Arab Emirates,Middle East & Africa,Parker Diaz,Automation,Workflows,Workflow Orchestrator,31,6625.00,5,3655.00,Partner,Referral,Provisioned,Middle East Hub,Standard,Subscription,Customer Managed,Advanced,Expansion,12,No
850615,2026-09-07,2026-09,FY26-Q3,Orchard Biotech,Enterprise,Biotech,United States,North America,Riley Morgan,Managed Services,Backup,Recovery Assurance Service,4,10550.00,13,6335.00,Renewal Desk,Inbound,Invoiced,US West,Strategic,Managed Services,Azure Managed,Premier,Renewal,12,Yes
850616,2026-09-08,2026-09,FY26-Q3,Pioneer Insurance,MidMarket,Insurance,Canada,North America,Morgan Patel,Data Integration,Pipelines,API Ingestion Hub,49,3825.00,6,2070.00,Marketplace,Inbound,Provisioned,US East,Standard,Subscription,Azure Managed,Advanced,Net New,12,No
850617,2026-09-09,2026-09,FY26-Q3,Quantum Freight,Enterprise,Logistics,Germany,Europe,Casey Singh,Analytics,Operations,Operations Command Dashboard,8,7650.00,17,4025.00,Renewal Desk,Inbound,Provisioned,Europe North,Priority,Subscription,Hybrid,Premier,Renewal,24,Yes
850618,2026-09-10,2026-09,FY26-Q3,Redwood Capital,Enterprise,Financial Services,United States,North America,Morgan Patel,Automation,Workflows,Workflow Orchestrator,15,6775.00,0,3860.00,Marketplace,Inbound,Invoiced,US West,Priority,Subscription,Hybrid,Advanced,Net New,36,No
850619,2026-09-11,2026-09,FY26-Q3,Summit Utilities,Public Sector,Utilities,United Kingdom,Europe,Reese Turner,Managed Services,Backup,Recovery Assurance Service,1,10300.00,6,6230.00,Marketplace,Inbound,Booked,Europe North,Priority,Managed Services,Azure Managed,Advanced,Expansion,12,No
850620,2026-09-12,2026-09,FY26-Q3,Tidal Commerce,SMB,Retail,Singapore,Asia Pacific,Taylor Brooks,Data Integration,Pipelines,API Ingestion Hub,28,3325.00,6,1880.00,Renewal Desk,Inbound,Renewal Pending,Asia Pacific East,Priority,Subscription,Customer Managed,Essentials,Renewal,24,Yes
850621,2026-09-13,2026-09,FY26-Q3,Umbra Security,MidMarket,Cybersecurity,Israel,Middle East & Africa,Reese Turner,Analytics,Operations,Operations Command Dashboard,35,7200.00,3,3775.00,Direct,Inbound,Invoiced,Middle East Hub,Standard,Subscription,Azure Managed,Essentials,Net New,12,No
850622,2026-09-14,2026-09,FY26-Q3,Vector Mobility,Enterprise,Transportation,Japan,Asia Pacific,Logan Chen,Automation,Workflows,Workflow Orchestrator,43,6625.00,12,3790.00,Direct,Inbound,Invoiced,Asia Pacific East,Priority,Subscription,Azure Managed,Advanced,Expansion,36,No
850623,2026-09-15,2026-09,FY26-Q3,Westbridge Pharma,Enterprise,Pharmaceuticals,Switzerland,Europe,Taylor Brooks,Managed Services,Backup,Recovery Assurance Service,1,10450.00,15,6295.00,Renewal Desk,Inbound,Renewal Pending,Europe North,Strategic,Managed Services,Azure Managed,Premier,Renewal,24,Yes
850624,2026-09-16,2026-09,FY26-Q3,Xenon Labs,SMB,Technology,India,Asia Pacific,Taylor Brooks,Data Integration,Pipelines,API Ingestion Hub,6,3825.00,12,2085.00,Partner,Event,Booked,Asia Pacific East,Standard,Subscription,Hybrid,Essentials,Expansion,12,No
850625,2026-09-17,2026-09,FY26-Q3,Yellowtail Resorts,SMB,Hospitality,Mexico,Latin America,Logan Chen,Analytics,Operations,Operations Command Dashboard,21,6700.00,18,3680.00,Renewal Desk,Upsell,Invoiced,Latin America South,Priority,Subscription,Customer Managed,Essentials,Renewal,36,Yes
850626,2026-09-18,2026-09,FY26-Q3,Zenith Public Works,Public Sector,Government,United States,North America,Morgan Patel,Automation,Workflows,Workflow Orchestrator,29,6375.00,10,3595.00,Partner,Referral,Invoiced,US Central,Priority,Subscription,Customer Managed,Advanced,Net New,36,No
850627,2026-09-19,2026-09,FY26-Q3,Asteria Foods,MidMarket,Consumer Goods,Spain,Europe,Taylor Brooks,Managed Services,Backup,Recovery Assurance Service,1,10450.00,0,6275.00,Partner,Event,Active,Europe North,Standard,Managed Services,Azure Managed,Premier,Expansion,24,No
850628,2026-09-20,2026-09,FY26-Q3,Borealis Health,Enterprise,Healthcare,Canada,North America,Avery Cole,Data Integration,Pipelines,API Ingestion Hub,39,3975.00,10,2195.00,Renewal Desk,Upsell,Provisioned,US East,Priority,Subscription,Azure Managed,Premier,Renewal,24,Yes
850629,2026-09-21,2026-09,FY26-Q3,Celestial Motors,Enterprise,Automotive,Germany,Europe,Parker Diaz,Analytics,Operations,Operations Command Dashboard,47,7500.00,8,4065.00,Marketplace,Inbound,Active,Europe North,Priority,Subscription,Hybrid,Premier,Net New,36,No
850630,2026-09-22,2026-09,FY26-Q3,Driftline Apparel,SMB,Retail,Australia,Asia Pacific,Cameron Kim,Automation,Workflows,Workflow Orchestrator,9,6625.00,10,3805.00,Marketplace,Inbound,Invoiced,Asia Pacific East,Standard,Subscription,Hybrid,Essentials,Expansion,36,No
850631,2026-09-23,2026-09,FY26-Q3,Eclipse Networks,Enterprise,Telecommunications,United States,North America,Reese Turner,Managed Services,Backup,Recovery Assurance Service,4,10550.00,12,6255.00,Marketplace,Inbound,Active,US East,Strategic,Managed Services,Azure Managed,Premier,Net New,12,No
850632,2026-09-24,2026-09,FY26-Q3,Fathom Analytics,MidMarket,Technology,Ireland,Europe,Riley Morgan,Data Integration,Pipelines,API Ingestion Hub,22,3175.00,12,1820.00,Direct,Outbound,Invoiced,Europe North,Standard,Subscription,Customer Managed,Essentials,Expansion,36,No
850633,2026-09-25,2026-09,FY26-Q3,Greatwater Shipping,Enterprise,Logistics,Singapore,Asia Pacific,Taylor Brooks,Analytics,Operations,Operations Command Dashboard,32,7350.00,5,3995.00,Renewal Desk,Inbound,Renewal Pending,Asia Pacific East,Priority,Subscription,Azure Managed,Premier,Renewal,36,Yes
850634,2026-09-26,2026-09,FY26-Q3,Helios Devices,MidMarket,Manufacturing,Japan,Asia Pacific,Riley Morgan,Automation,Workflows,Workflow Orchestrator,34,6625.00,3,3735.00,Direct,Outbound,Invoiced,Asia Pacific East,Standard,Subscription,Azure Managed,Essentials,Net New,24,No
850635,2026-09-27,2026-09,FY26-Q3,Ironclad Construction,MidMarket,Construction,United Arab Emirates,Middle East & Africa,Casey Singh,Managed Services,Backup,Recovery Assurance Service,3,10200.00,3,6250.00,Direct,Outbound,Invoiced,Middle East Hub,Standard,Managed Services,Azure Managed,Advanced,Expansion,24,No
850636,2026-09-28,2026-09,FY26-Q3,Jetstream Travel,SMB,Travel,United Kingdom,Europe,Quinn Foster,Data Integration,Pipelines,API Ingestion Hub,50,3725.00,11,2120.00,Renewal Desk,Inbound,Invoiced,Europe North,Priority,Subscription,Hybrid,Advanced,Renewal,36,Yes
850637,2026-09-29,2026-09,FY26-Q3,Kestrel Finance,Enterprise,Financial Services,United States,North America,Taylor Brooks,Analytics,Operations,Operations Command Dashboard,10,7350.00,12,3800.00,Partner,Event,Provisioned,US Central,Priority,Subscription,Customer Managed,Premier,Net New,12,No
850638,2026-09-30,2026-09,FY26-Q3,Northstar Education,Public Sector,Education,Canada,North America,Morgan Patel,Automation,Workflows,Workflow Orchestrator,21,6775.00,8,3720.00,Renewal Desk,Upsell,Invoiced,US Central,Priority,Subscription,Customer Managed,Premier,Renewal,24,Yes
850639,2026-10-01,2026-10,FY26-Q4,Optima Warehousing,MidMarket,Logistics,Netherlands,Europe,Parker Diaz,Managed Services,Backup,Recovery Assurance Service,1,10300.00,12,6315.00,Partner,Referral,Provisioned,Europe North,Standard,Managed Services,Azure Managed,Premier,Net New,36,No
850640,2026-10-02,2026-10,FY26-Q4,Pulse Renewables,Enterprise,Energy,Australia,Asia Pacific,Jordan Reyes,Data Integration,Pipelines,API Ingestion Hub,32,3825.00,0,2150.00,Marketplace,Upsell,Booked,Asia Pacific East,Priority,Subscription,Azure Managed,Advanced,Expansion,12,No
850641,2026-10-03,2026-10,FY26-Q4,Alpine Manufacturing,Enterprise,Manufacturing,United States,North America,Avery Cole,Governance,Catalog,Data Catalog Accelerator,43,6300.00,10,3405.00,Renewal Desk,Upsell,Invoiced,US West,Priority,Subscription,Hybrid,Premier,Renewal,36,Yes
850642,2026-10-04,2026-10,FY26-Q4,Bluebird Retail,MidMarket,Retail,Canada,North America,Morgan Patel,Platform,Enablement,Fabric Enablement Bundle,45,7925.00,0,4490.00,Marketplace,Inbound,Active,US East,Standard,Subscription,Azure Managed,Advanced,Net New,36,No
850643,2026-10-05,2026-10,FY26-Q4,Canyon Health,Enterprise,Healthcare,United States,North America,Casey Singh,Security,Compliance,Compliance Evidence Hub,50,8300.00,5,4620.00,Marketplace,Upsell,Active,US Central,Strategic,Subscription,Customer Managed,Premier,Expansion,24,No
850644,2026-10-06,2026-10,FY26-Q4,Delta Logistics,MidMarket,Logistics,Germany,Europe,Cameron Kim,Lakehouse,Optimization,Delta Optimization Pack,13,6225.00,11,3460.00,Renewal Desk,Upsell,Renewal Pending,Europe West,Priority,Subscription,Customer Managed,Essentials,Renewal,24,Yes
850645,2026-10-07,2026-10,FY26-Q4,Evergreen Schools,Public Sector,Education,United States,North America,Jordan Reyes,Governance,Catalog,Data Catalog Accelerator,22,6150.00,3,3435.00,Marketplace,Upsell,Provisioned,US East,Priority,Subscription,Azure Managed,Premier,Expansion,36,No
850646,2026-10-08,2026-10,FY26-Q4,Frontier Energy,Enterprise,Energy,United Kingdom,Europe,Logan Chen,Platform,Enablement,Fabric Enablement Bundle,27,8175.00,17,4380.00,Renewal Desk,Upsell,Renewal Pending,Europe West,Strategic,Subscription,Customer Managed,Premier,Renewal,12,Yes
850647,2026-10-09,2026-10,FY26-Q4,Granite Aerospace,Enterprise,Aerospace,United States,North America,Taylor Brooks,Security,Compliance,Compliance Evidence Hub,36,8700.00,17,4825.00,Direct,Outbound,Active,US West,Strategic,Subscription,Hybrid,Premier,Net New,24,No
850648,2026-10-10,2026-10,FY26-Q4,Harbor Foods,SMB,Consumer Goods,Brazil,Latin America,Riley Morgan,Lakehouse,Optimization,Delta Optimization Pack,38,6775.00,3,3760.00,Partner,Event,Provisioned,Latin America South,Standard,Subscription,Hybrid,Advanced,Expansion,24,No
850649,2026-10-11,2026-10,FY26-Q4,Ion Medical,Enterprise,Healthcare,Singapore,Asia Pacific,Skyler Bennett,Governance,Catalog,Data Catalog Accelerator,44,6050.00,13,3240.00,Renewal Desk,Inbound,Renewal Pending,Asia Pacific South,Priority,Subscription,Customer Managed,Premier,Renewal,24,Yes
850650,2026-10-12,2026-10,FY26-Q4,Juniper Telecom,MidMarket,Telecommunications,Australia,Asia Pacific,Reese Turner,Platform,Enablement,Fabric Enablement Bundle,9,8075.00,3,4505.00,Partner,Referral,Invoiced,Asia Pacific South,Standard,Subscription,Hybrid,Essentials,Net New,24,No
850651,2026-10-13,2026-10,FY26-Q4,Kepler Robotics,Enterprise,Technology,Japan,Asia Pacific,Riley Morgan,Security,Compliance,Compliance Evidence Hub,16,8650.00,10,4755.00,Partner,Event,Active,Asia Pacific East,Strategic,Subscription,Azure Managed,Premier,Expansion,12,No
850652,2026-10-14,2026-10,FY26-Q4,Lighthouse Media,SMB,Media,United Kingdom,Europe,Jordan Reyes,Lakehouse,Optimization,Delta Optimization Pack,24,6475.00,10,3690.00,Marketplace,Upsell,Provisioned,Europe West,Standard,Subscription,Azure Managed,Advanced,Net New,36,No
850653,2026-10-15,2026-10,FY26-Q4,Meridian Mining,Enterprise,Mining,South Africa,Middle East & Africa,Casey Singh,Governance,Catalog,Data Catalog Accelerator,30,6200.00,2,3360.00,Partner,Event,Booked,Africa South,Priority,Subscription,Hybrid,Advanced,Expansion,24,No
850654,2026-10-16,2026-10,FY26-Q4,Nimbus Hotels,MidMarket,Hospitality,United Arab Emirates,Middle East & Africa,Avery Cole,Platform,Enablement,Fabric Enablement Bundle,35,8075.00,15,4530.00,Renewal Desk,Upsell,Provisioned,Africa South,Priority,Subscription,Azure Managed,Advanced,Renewal,24,Yes
850655,2026-10-17,2026-10,FY26-Q4,Orchard Biotech,Enterprise,Biotech,United States,North America,Quinn Foster,Security,Compliance,Compliance Evidence Hub,44,8300.00,0,4660.00,Marketplace,Upsell,Active,US Central,Strategic,Subscription,Customer Managed,Premier,Net New,24,No
850656,2026-10-18,2026-10,FY26-Q4,Pioneer Insurance,MidMarket,Insurance,Canada,North America,Logan Chen,Lakehouse,Optimization,Delta Optimization Pack,7,6375.00,3,3495.00,Direct,Inbound,Provisioned,US Central,Standard,Subscription,Customer Managed,Advanced,Expansion,24,No
850657,2026-10-19,2026-10,FY26-Q4,Quantum Freight,Enterprise,Logistics,Germany,Europe,Skyler Bennett,Governance,Catalog,Data Catalog Accelerator,12,6150.00,15,3375.00,Renewal Desk,Inbound,Provisioned,Europe West,Priority,Subscription,Azure Managed,Premier,Renewal,36,Yes
850658,2026-10-20,2026-10,FY26-Q4,Redwood Capital,Enterprise,Financial Services,United States,North America,Logan Chen,Platform,Enablement,Fabric Enablement Bundle,19,7925.00,10,4335.00,Direct,Inbound,Invoiced,US Central,Priority,Subscription,Customer Managed,Advanced,Net New,12,No
850659,2026-10-21,2026-10,FY26-Q4,Summit Utilities,Public Sector,Utilities,United Kingdom,Europe,Morgan Patel,Security,Compliance,Compliance Evidence Hub,27,8450.00,3,4780.00,Renewal Desk,Upsell,Renewal Pending,Europe North,Priority,Subscription,Hybrid,Advanced,Renewal,24,Yes
850660,2026-10-22,2026-10,FY26-Q4,Tidal Commerce,SMB,Retail,Singapore,Asia Pacific,Casey Singh,Lakehouse,Optimization,Delta Optimization Pack,32,6475.00,15,3705.00,Partner,Event,Booked,Asia Pacific South,Standard,Subscription,Hybrid,Essentials,Net New,36,No
850661,2026-10-23,2026-10,FY26-Q4,Umbra Security,MidMarket,Cybersecurity,Israel,Middle East & Africa,Morgan Patel,Governance,Catalog,Data Catalog Accelerator,39,5650.00,0,3000.00,Direct,Inbound,Invoiced,Africa South,Standard,Subscription,Customer Managed,Essentials,Expansion,24,No
850662,2026-10-24,2026-10,FY26-Q4,Vector Mobility,Enterprise,Transportation,Japan,Asia Pacific,Reese Turner,Platform,Enablement,Fabric Enablement Bundle,47,8325.00,5,4540.00,Renewal Desk,Upsell,Invoiced,Asia Pacific South,Strategic,Subscription,Hybrid,Advanced,Renewal,12,Yes
850663,2026-10-25,2026-10,FY26-Q4,Westbridge Pharma,Enterprise,Pharmaceuticals,Switzerland,Europe,Casey Singh,Security,Compliance,Compliance Evidence Hub,10,8400.00,5,4795.00,Partner,Event,Provisioned,Europe North,Strategic,Subscription,Azure Managed,Premier,Net New,36,No
850664,2026-10-26,2026-10,FY26-Q4,Xenon Labs,SMB,Technology,India,Asia Pacific,Casey Singh,Lakehouse,Optimization,Delta Optimization Pack,10,6475.00,6,3635.00,Marketplace,Upsell,Booked,Asia Pacific South,Standard,Subscription,Azure Managed,Essentials,Expansion,24,No
850665,2026-10-27,2026-10,FY26-Q4,Yellowtail Resorts,SMB,Hospitality,Mexico,Latin America,Reese Turner,Governance,Catalog,Data Catalog Accelerator,25,6150.00,15,3305.00,Renewal Desk,Upsell,Invoiced,Latin America South,Priority,Subscription,Hybrid,Essentials,Renewal,12,Yes
850666,2026-10-28,2026-10,FY26-Q4,Zenith Public Works,Public Sector,Government,United States,North America,Logan Chen,Platform,Enablement,Fabric Enablement Bundle,33,8175.00,0,4470.00,Marketplace,Inbound,Invoiced,US East,Priority,Subscription,Azure Managed,Advanced,Expansion,12,No
850667,2026-10-29,2026-10,FY26-Q4,Asteria Foods,MidMarket,Consumer Goods,Spain,Europe,Casey Singh,Security,Compliance,Compliance Evidence Hub,34,7900.00,13,4515.00,Renewal Desk,Inbound,Provisioned,Europe North,Priority,Subscription,Customer Managed,Advanced,Renewal,36,Yes
850668,2026-10-30,2026-10,FY26-Q4,Borealis Health,Enterprise,Healthcare,Canada,North America,Cameron Kim,Lakehouse,Optimization,Delta Optimization Pack,43,6475.00,2,3620.00,Direct,Inbound,Provisioned,US Central,Priority,Subscription,Customer Managed,Premier,Net New,36,No
850669,2026-10-31,2026-10,FY26-Q4,Celestial Motors,Enterprise,Automotive,Germany,Europe,Avery Cole,Governance,Catalog,Data Catalog Accelerator,5,6400.00,5,3415.00,Marketplace,Inbound,Active,Europe West,Priority,Subscription,Azure Managed,Premier,Expansion,12,No
850670,2026-11-01,2026-11,FY26-Q4,Driftline Apparel,SMB,Retail,Australia,Asia Pacific,Parker Diaz,Platform,Enablement,Fabric Enablement Bundle,13,7775.00,6,4280.00,Renewal Desk,Upsell,Renewal Pending,Asia Pacific South,Priority,Subscription,Customer Managed,Essentials,Renewal,12,Yes
850671,2026-11-02,2026-11,FY26-Q4,Eclipse Networks,Enterprise,Telecommunications,United States,North America,Morgan Patel,Security,Compliance,Compliance Evidence Hub,19,8700.00,7,4805.00,Direct,Inbound,Active,US West,Strategic,Subscription,Hybrid,Premier,Net New,24,No
850672,2026-11-03,2026-11,FY26-Q4,Fathom Analytics,MidMarket,Technology,Ireland,Europe,Quinn Foster,Lakehouse,Optimization,Delta Optimization Pack,26,6725.00,8,3645.00,Partner,Event,Invoiced,Europe West,Standard,Subscription,Hybrid,Essentials,Expansion,12,No
850673,2026-11-04,2026-11,FY26-Q4,Greatwater Shipping,Enterprise,Logistics,Singapore,Asia Pacific,Casey Singh,Governance,Catalog,Data Catalog Accelerator,36,6150.00,17,3220.00,Direct,Outbound,Provisioned,Asia Pacific South,Priority,Subscription,Customer Managed,Premier,Net New,12,No
850674,2026-11-05,2026-11,FY26-Q4,Helios Devices,MidMarket,Manufacturing,Japan,Asia Pacific,Quinn Foster,Platform,Enablement,Fabric Enablement Bundle,38,7925.00,10,4485.00,Partner,Event,Invoiced,Asia Pacific South,Standard,Subscription,Hybrid,Essentials,Expansion,36,No
850675,2026-11-06,2026-11,FY26-Q4,Ironclad Construction,MidMarket,Construction,United Arab Emirates,Middle East & Africa,Skyler Bennett,Security,Compliance,Compliance Evidence Hub,6,8000.00,15,4655.00,Renewal Desk,Inbound,Invoiced,Middle East Hub,Priority,Subscription,Azure Managed,Essentials,Renewal,36,Yes
850676,2026-11-07,2026-11,FY26-Q4,Jetstream Travel,SMB,Travel,United Kingdom,Europe,Jordan Reyes,Lakehouse,Optimization,Delta Optimization Pack,8,6725.00,1,3670.00,Marketplace,Upsell,Provisioned,Europe West,Standard,Subscription,Azure Managed,Advanced,Net New,12,No
850677,2026-11-08,2026-11,FY26-Q4,Kestrel Finance,Enterprise,Financial Services,United States,North America,Casey Singh,Governance,Catalog,Data Catalog Accelerator,14,6450.00,10,3425.00,Partner,Event,Provisioned,US West,Priority,Subscription,Hybrid,Premier,Expansion,24,No
850678,2026-11-09,2026-11,FY26-Q4,Northstar Education,Public Sector,Education,Canada,North America,Logan Chen,Platform,Enablement,Fabric Enablement Bundle,25,8175.00,15,4595.00,Renewal Desk,Upsell,Provisioned,US East,Priority,Subscription,Azure Managed,Premier,Renewal,36,Yes
850679,2026-11-10,2026-11,FY26-Q4,Optima Warehousing,MidMarket,Logistics,Netherlands,Europe,Avery Cole,Security,Compliance,Compliance Evidence Hub,31,8150.00,3,4555.00,Marketplace,Inbound,Provisioned,Europe North,Standard,Subscription,Customer Managed,Advanced,Net New,12,No
850680,2026-11-11,2026-11,FY26-Q4,Pulse Renewables,Enterprise,Energy,Australia,Asia Pacific,Riley Morgan,Lakehouse,Optimization,Delta Optimization Pack,36,6375.00,17,3575.00,Renewal Desk,Inbound,Renewal Pending,Asia Pacific South,Priority,Subscription,Customer Managed,Advanced,Renewal,24,Yes
850681,2026-11-12,2026-11,FY26-Q4,Alpine Manufacturing,Enterprise,Manufacturing,United States,North America,Cameron Kim,Automation,Incident,Incident Response Pack,47,7250.00,2,3880.00,Direct,Inbound,Provisioned,US Central,Priority,Subscription,Customer Managed,Premier,Net New,12,No
850682,2026-11-13,2026-11,FY26-Q4,Bluebird Retail,MidMarket,Retail,Canada,North America,Logan Chen,Services,Migration,Migration Sprint,5,15175.00,12,9315.00,Partner,Referral,Booked,US East,Standard,Professional Services,Customer Managed,Advanced,Expansion,3,No
850683,2026-11-14,2026-11,FY26-Q4,Canyon Health,Enterprise,Healthcare,United States,North America,Skyler Bennett,Data Integration,Streaming,Event Stream Bridge,8,4450.00,8,2520.00,Renewal Desk,Inbound,Provisioned,US Central,Priority,Subscription,Customer Managed,Premier,Renewal,36,Yes
850684,2026-11-15,2026-11,FY26-Q4,Delta Logistics,MidMarket,Logistics,Germany,Europe,Parker Diaz,AI,Forecasting,Forecast Studio,17,8375.00,1,4660.00,Marketplace,Inbound,Invoiced,Europe North,Standard,Subscription,Customer Managed,Essentials,Net New,36,No
850685,2026-11-16,2026-11,FY26-Q4,Evergreen Schools,Public Sector,Education,United States,North America,Riley Morgan,Automation,Incident,Incident Response Pack,26,7650.00,0,4185.00,Partner,Event,Provisioned,US West,Priority,Subscription,Hybrid,Premier,Expansion,12,No
850686,2026-11-17,2026-11,FY26-Q4,Frontier Energy,Enterprise,Energy,United Kingdom,Europe,Reese Turner,Services,Migration,Migration Sprint,1,15905.00,13,9605.00,Renewal Desk,Upsell,Provisioned,Europe North,Strategic,Professional Services,Hybrid,Premier,Renewal,6,Yes
850687,2026-11-18,2026-11,FY26-Q4,Granite Aerospace,Enterprise,Aerospace,United States,North America,Casey Singh,Data Integration,Streaming,Event Stream Bridge,40,4850.00,14,2725.00,Direct,Outbound,Active,US West,Priority,Subscription,Hybrid,Premier,Expansion,36,No
850688,2026-11-19,2026-11,FY26-Q4,Harbor Foods,SMB,Consumer Goods,Brazil,Latin America,Quinn Foster,AI,Forecasting,Forecast Studio,42,8925.00,18,4960.00,Renewal Desk,Inbound,Renewal Pending,Latin America South,Priority,Subscription,Hybrid,Advanced,Renewal,36,Yes
850689,2026-11-20,2026-11,FY26-Q4,Ion Medical,Enterprise,Healthcare,Singapore,Asia Pacific,Taylor Brooks,Automation,Incident,Incident Response Pack,48,7250.00,3,4115.00,Marketplace,Upsell,Provisioned,Asia Pacific East,Priority,Subscription,Azure Managed,Premier,Net New,36,No
850690,2026-11-21,2026-11,FY26-Q4,Juniper Telecom,MidMarket,Telecommunications,Australia,Asia Pacific,Morgan Patel,Services,Migration,Migration Sprint,5,15425.00,15,9455.00,Direct,Inbound,Invoiced,Asia Pacific East,Standard,Professional Services,Azure Managed,Essentials,Expansion,12,No
850691,2026-11-22,2026-11,FY26-Q4,Kepler Robotics,Enterprise,Technology,Japan,Asia Pacific,Quinn Foster,Data Integration,Streaming,Event Stream Bridge,20,4850.00,10,2655.00,Renewal Desk,Inbound,Invoiced,Asia Pacific South,Priority,Subscription,Azure Managed,Premier,Renewal,24,Yes
850692,2026-11-23,2026-11,FY26-Q4,Lighthouse Media,SMB,Media,United Kingdom,Europe,Riley Morgan,AI,Forecasting,Forecast Studio,28,9025.00,8,4890.00,Partner,Event,Provisioned,Europe North,Standard,Subscription,Azure Managed,Advanced,Net New,12,No
850693,2026-11-24,2026-11,FY26-Q4,Meridian Mining,Enterprise,Mining,South Africa,Middle East & Africa,Skyler Bennett,Automation,Incident,Incident Response Pack,34,6750.00,14,3835.00,Direct,Outbound,Booked,Middle East Hub,Priority,Subscription,Customer Managed,Advanced,Expansion,36,No
850694,2026-11-25,2026-11,FY26-Q4,Nimbus Hotels,MidMarket,Hospitality,United Arab Emirates,Middle East & Africa,Cameron Kim,Services,Migration,Migration Sprint,1,15325.00,8,9355.00,Partner,Referral,Provisioned,Middle East Hub,Standard,Professional Services,Customer Managed,Advanced,Net New,12,No
850695,2026-11-26,2026-11,FY26-Q4,Orchard Biotech,Enterprise,Biotech,United States,North America,Jordan Reyes,Data Integration,Streaming,Event Stream Bridge,48,4450.00,15,2560.00,Marketplace,Upsell,Active,US Central,Priority,Subscription,Customer Managed,Premier,Expansion,36,No
850696,2026-11-27,2026-11,FY26-Q4,Pioneer Insurance,MidMarket,Insurance,Canada,North America,Reese Turner,AI,Forecasting,Forecast Studio,11,8525.00,18,4695.00,Renewal Desk,Upsell,Provisioned,US Central,Priority,Subscription,Customer Managed,Advanced,Renewal,36,Yes
850697,2026-11-28,2026-11,FY26-Q4,Quantum Freight,Enterprise,Logistics,Germany,Europe,Taylor Brooks,Automation,Incident,Incident Response Pack,16,7650.00,7,4125.00,Partner,Event,Active,Europe North,Priority,Subscription,Hybrid,Premier,Net New,12,No
850698,2026-11-29,2026-11,FY26-Q4,Redwood Capital,Enterprise,Financial Services,United States,North America,Reese Turner,Services,Migration,Migration Sprint,5,15655.00,3,9560.00,Marketplace,Inbound,Provisioned,US Central,Strategic,Professional Services,Hybrid,Advanced,Expansion,6,No
850699,2026-11-30,2026-11,FY26-Q4,Summit Utilities,Public Sector,Utilities,United Kingdom,Europe,Logan Chen,Data Integration,Streaming,Event Stream Bridge,31,4600.00,18,2680.00,Renewal Desk,Upsell,Renewal Pending,Europe West,Priority,Subscription,Hybrid,Advanced,Renewal,36,Yes
850700,2026-12-01,2026-12,FY26-Q4,Tidal Commerce,SMB,Retail,Singapore,Asia Pacific,Skyler Bennett,AI,Forecasting,Forecast Studio,36,9025.00,10,4905.00,Direct,Outbound,Booked,Asia Pacific East,Standard,Subscription,Hybrid,Essentials,Net New,12,No
850701,2026-12-02,2026-12,FY26-Q4,Umbra Security,MidMarket,Cybersecurity,Israel,Middle East & Africa,Logan Chen,Automation,Incident,Incident Response Pack,43,6850.00,15,3875.00,Renewal Desk,Upsell,Provisioned,Middle East Hub,Priority,Subscription,Azure Managed,Essentials,Renewal,36,Yes
850702,2026-12-03,2026-12,FY26-Q4,Vector Mobility,Enterprise,Transportation,Japan,Asia Pacific,Morgan Patel,Services,Migration,Migration Sprint,1,15505.00,14,9490.00,Direct,Inbound,Invoiced,Asia Pacific East,Strategic,Professional Services,Azure Managed,Advanced,Net New,6,No
850703,2026-12-04,2026-12,FY26-Q4,Westbridge Pharma,Enterprise,Pharmaceuticals,Switzerland,Europe,Skyler Bennett,Data Integration,Streaming,Event Stream Bridge,14,4950.00,2,2695.00,Partner,Event,Provisioned,Europe West,Priority,Subscription,Azure Managed,Premier,Expansion,12,No
850704,2026-12-05,2026-12,FY26-Q4,Xenon Labs,SMB,Technology,India,Asia Pacific,Skyler Bennett,AI,Forecasting,Forecast Studio,14,8625.00,6,4835.00,Renewal Desk,Inbound,Invoiced,Asia Pacific East,Priority,Subscription,Azure Managed,Essentials,Renewal,36,Yes
850705,2026-12-06,2026-12,FY26-Q4,Yellowtail Resorts,SMB,Hospitality,Mexico,Latin America,Morgan Patel,Automation,Incident,Incident Response Pack,29,6750.00,8,3780.00,Direct,Inbound,Invoiced,Latin America South,Standard,Subscription,Customer Managed,Essentials,Net New,24,No
850706,2026-12-07,2026-12,FY26-Q4,Zenith Public Works,Public Sector,Government,United States,North America,Reese Turner,Services,Migration,Migration Sprint,5,15255.00,12,9295.00,Partner,Referral,Provisioned,US East,Priority,Professional Services,Customer Managed,Advanced,Expansion,6,No
850707,2026-12-08,2026-12,FY26-Q4,Asteria Foods,MidMarket,Consumer Goods,Spain,Europe,Skyler Bennett,Data Integration,Streaming,Event Stream Bridge,38,4450.00,11,2415.00,Renewal Desk,Inbound,Provisioned,Europe West,Priority,Subscription,Customer Managed,Advanced,Renewal,12,Yes
850708,2026-12-09,2026-12,FY26-Q4,Borealis Health,Enterprise,Healthcare,Canada,North America,Parker Diaz,AI,Forecasting,Forecast Studio,47,9025.00,12,4820.00,Marketplace,Inbound,Provisioned,US Central,Strategic,Subscription,Customer Managed,Premier,Expansion,12,No
850709,2026-12-10,2026-12,FY26-Q4,Celestial Motors,Enterprise,Automotive,Germany,Europe,Cameron Kim,Automation,Incident,Incident Response Pack,9,7550.00,5,4165.00,Renewal Desk,Upsell,Invoiced,Europe North,Priority,Subscription,Hybrid,Premier,Renewal,24,Yes
850710,2026-12-11,2026-12,FY26-Q4,Driftline Apparel,SMB,Retail,Australia,Asia Pacific,Avery Cole,Services,Migration,Migration Sprint,1,15505.00,13,9505.00,Marketplace,Inbound,Booked,Asia Pacific East,Standard,Professional Services,Hybrid,Essentials,Net New,6,No
850711,2026-12-12,2026-12,FY26-Q4,Eclipse Networks,Enterprise,Telecommunications,United States,North America,Logan Chen,Data Integration,Streaming,Event Stream Bridge,23,4850.00,5,2705.00,Direct,Inbound,Active,US West,Priority,Subscription,Hybrid,Premier,Expansion,36,No
850712,2026-12-13,2026-12,FY26-Q4,Fathom Analytics,MidMarket,Technology,Ireland,Europe,Jordan Reyes,AI,Forecasting,Forecast Studio,30,8925.00,6,4845.00,Renewal Desk,Inbound,Renewal Pending,Europe North,Priority,Subscription,Hybrid,Essentials,Renewal,24,Yes
850713,2026-12-14,2026-12,FY26-Q4,Greatwater Shipping,Enterprise,Logistics,Singapore,Asia Pacific,Skyler Bennett,Automation,Incident,Incident Response Pack,40,7400.00,10,4095.00,Marketplace,Upsell,Provisioned,Asia Pacific East,Priority,Subscription,Azure Managed,Premier,Net New,24,No
850714,2026-12-15,2026-12,FY26-Q4,Helios Devices,MidMarket,Manufacturing,Japan,Asia Pacific,Jordan Reyes,Services,Migration,Migration Sprint,5,15275.00,5,9435.00,Direct,Outbound,Provisioned,Asia Pacific East,Standard,Professional Services,Azure Managed,Essentials,Expansion,3,No
850715,2026-12-16,2026-12,FY26-Q4,Ironclad Construction,MidMarket,Construction,United Arab Emirates,Middle East & Africa,Taylor Brooks,Data Integration,Streaming,Event Stream Bridge,10,4550.00,10,2555.00,Partner,Event,Invoiced,Africa South,Standard,Subscription,Azure Managed,Essentials,Net New,12,No
850716,2026-12-17,2026-12,FY26-Q4,Jetstream Travel,SMB,Travel,United Kingdom,Europe,Riley Morgan,AI,Forecasting,Forecast Studio,12,8925.00,15,4870.00,Partner,Event,Provisioned,Europe North,Standard,Subscription,Azure Managed,Advanced,Expansion,24,No
850717,2026-12-18,2026-12,FY26-Q4,Kestrel Finance,Enterprise,Financial Services,United States,North America,Skyler Bennett,Automation,Incident,Incident Response Pack,18,7000.00,8,3900.00,Renewal Desk,Inbound,Renewal Pending,US Central,Priority,Subscription,Customer Managed,Premier,Renewal,36,Yes
850718,2026-12-19,2026-12,FY26-Q4,Northstar Education,Public Sector,Education,Canada,North America,Reese Turner,Services,Migration,Migration Sprint,1,15425.00,8,9420.00,Partner,Referral,Provisioned,US East,Priority,Professional Services,Customer Managed,Premier,Net New,3,No
850719,2026-12-20,2026-12,FY26-Q4,Optima Warehousing,MidMarket,Logistics,Netherlands,Europe,Cameron Kim,Data Integration,Streaming,Event Stream Bridge,35,4350.00,1,2455.00,Marketplace,Inbound,Provisioned,Europe West,Standard,Subscription,Customer Managed,Advanced,Expansion,24,No
850720,2026-12-21,2026-12,FY26-Q4,Pulse Renewables,Enterprise,Energy,Australia,Asia Pacific,Quinn Foster,AI,Forecasting,Forecast Studio,40,8525.00,13,4775.00,Renewal Desk,Inbound,Provisioned,Asia Pacific East,Strategic,Subscription,Customer Managed,Advanced,Renewal,36,Yes
850721,2026-12-22,2026-12,FY26-Q4,Alpine Manufacturing,Enterprise,Manufacturing,United States,North America,Parker Diaz,Managed Services,Support,Managed Monitoring Service,2,9750.00,10,5805.00,Marketplace,Inbound,Provisioned,US Central,Strategic,Managed Services,Hybrid,Premier,Net New,24,No
850722,2026-12-23,2026-12,FY26-Q4,Bluebird Retail,MidMarket,Retail,Canada,North America,Reese Turner,Security,Identity,Identity Guard for Fabric,7,7575.00,11,4290.00,Renewal Desk,Upsell,Provisioned,US East,Priority,Subscription,Azure Managed,Advanced,Renewal,24,Yes
850723,2026-12-24,2026-12,FY26-Q4,Canyon Health,Enterprise,Healthcare,United States,North America,Taylor Brooks,Analytics,Executive Reporting,Executive Scorecard Model,12,8050.00,17,4295.00,Direct,Outbound,Active,US East,Strategic,Subscription,Azure Managed,Premier,Net New,12,No
850724,2026-12-25,2026-12,FY26-Q4,Delta Logistics,MidMarket,Logistics,Germany,Europe,Avery Cole,Governance,Security,Access Policy Monitor,21,6525.00,0,3485.00,Direct,Inbound,Invoiced,Europe West,Standard,Subscription,Hybrid,Essentials,Expansion,12,No
850725,2026-12-26,2026-12,FY26-Q4,Evergreen Schools,Public Sector,Education,United States,North America,Quinn Foster,Managed Services,Support,Managed Monitoring Service,2,9750.00,13,5885.00,Renewal Desk,Inbound,Renewal Pending,US West,Priority,Managed Services,Hybrid,Premier,Renewal,24,Yes
850726,2026-12-27,2026-12,FY26-Q4,Frontier Energy,Enterprise,Energy,United Kingdom,Europe,Morgan Patel,Security,Identity,Identity Guard for Fabric,35,7425.00,5,4180.00,Direct,Inbound,Active,Europe West,Priority,Subscription,Customer Managed,Premier,Net New,36,No
850727,2026-12-28,2026-12,FY26-Q4,Granite Aerospace,Enterprise,Aerospace,United States,North America,Skyler Bennett,Analytics,Executive Reporting,Executive Scorecard Model,44,7800.00,10,4100.00,Partner,Event,Active,US Central,Priority,Subscription,Customer Managed,Premier,Expansion,12,No
850728,2026-12-29,2026-12,FY26-Q4,Harbor Foods,SMB,Consumer Goods,Brazil,Latin America,Jordan Reyes,Governance,Security,Access Policy Monitor,46,6525.00,15,3510.00,Renewal Desk,Inbound,Invoiced,Latin America South,Priority,Subscription,Azure Managed,Advanced,Renewal,12,Yes
850729,2026-12-30,2026-12,FY26-Q4,Ion Medical,Enterprise,Healthcare,Singapore,Asia Pacific,Casey Singh,Managed Services,Support,Managed Monitoring Service,1,9850.00,14,5865.00,Partner,Event,Provisioned,Asia Pacific South,Strategic,Managed Services,Hybrid,Premier,Expansion,12,No
850730,2026-12-31,2026-12,FY26-Q4,Juniper Telecom,MidMarket,Telecommunications,Australia,Asia Pacific,Logan Chen,Security,Identity,Identity Guard for Fabric,17,7675.00,13,4305.00,Renewal Desk,Upsell,Invoiced,Asia Pacific South,Priority,Subscription,Hybrid,Essentials,Renewal,12,Yes
850731,2026-01-01,2026-01,FY26-Q1,Kepler Robotics,Enterprise,Technology,Japan,Asia Pacific,Jordan Reyes,Analytics,Executive Reporting,Executive Scorecard Model,24,7950.00,0,4305.00,Marketplace,Upsell,Active,Asia Pacific South,Priority,Subscription,Hybrid,Premier,Net New,36,No
850732,2026-01-02,2026-01,FY26-Q1,Lighthouse Media,SMB,Media,United Kingdom,Europe,Quinn Foster,Governance,Security,Access Policy Monitor,32,6175.00,3,3315.00,Marketplace,Upsell,Provisioned,Europe West,Standard,Subscription,Customer Managed,Advanced,Expansion,24,No
850733,2026-01-03,2026-01,FY26-Q1,Meridian Mining,Enterprise,Mining,South Africa,Middle East & Africa,Taylor Brooks,Managed Services,Support,Managed Monitoring Service,1,9600.00,10,5760.00,Renewal Desk,Inbound,Provisioned,Africa South,Strategic,Managed Services,Hybrid,Advanced,Renewal,12,Yes
850734,2026-01-04,2026-01,FY26-Q1,Nimbus Hotels,MidMarket,Hospitality,United Arab Emirates,Middle East & Africa,Parker Diaz,Security,Identity,Identity Guard for Fabric,43,7675.00,1,4330.00,Marketplace,Inbound,Provisioned,Africa South,Standard,Subscription,Azure Managed,Advanced,Net New,12,No
850735,2026-01-05,2026-01,FY26-Q1,Orchard Biotech,Enterprise,Biotech,United States,North America,Riley Morgan,Analytics,Executive Reporting,Executive Scorecard Model,6,8050.00,12,4335.00,Direct,Outbound,Active,US East,Strategic,Subscription,Azure Managed,Premier,Expansion,12,No
850736,2026-01-06,2026-01,FY26-Q1,Pioneer Insurance,MidMarket,Insurance,Canada,North America,Morgan Patel,Governance,Security,Access Policy Monitor,15,6675.00,12,3520.00,Direct,Inbound,Provisioned,US West,Standard,Subscription,Hybrid,Advanced,Net New,12,No
850737,2026-01-07,2026-01,FY26-Q1,Quantum Freight,Enterprise,Logistics,Germany,Europe,Casey Singh,Managed Services,Support,Managed Monitoring Service,3,9750.00,17,5825.00,Direct,Outbound,Active,Europe West,Strategic,Managed Services,Hybrid,Premier,Expansion,24,No
850738,2026-01-08,2026-01,FY26-Q1,Redwood Capital,Enterprise,Financial Services,United States,North America,Morgan Patel,Security,Identity,Identity Guard for Fabric,27,7175.00,20,4135.00,Renewal Desk,Upsell,Renewal Pending,US Central,Priority,Subscription,Customer Managed,Advanced,Renewal,36,Yes
850739,2026-01-09,2026-01,FY26-Q1,Summit Utilities,Public Sector,Utilities,United Kingdom,Europe,Reese Turner,Analytics,Executive Reporting,Executive Scorecard Model,35,7550.00,10,4055.00,Partner,Referral,Booked,Europe West,Priority,Subscription,Customer Managed,Advanced,Net New,12,No
850740,2026-01-10,2026-01,FY26-Q1,Tidal Commerce,SMB,Retail,Singapore,Asia Pacific,Taylor Brooks,Governance,Security,Access Policy Monitor,40,6275.00,8,3455.00,Partner,Event,Booked,Asia Pacific South,Standard,Subscription,Azure Managed,Essentials,Expansion,24,No
850741,2026-01-11,2026-01,FY26-Q1,Umbra Security,MidMarket,Cybersecurity,Israel,Middle East & Africa,Reese Turner,Managed Services,Support,Managed Monitoring Service,1,9600.00,8,5720.00,Renewal Desk,Upsell,Invoiced,Africa South,Priority,Managed Services,Hybrid,Advanced,Renewal,12,Yes
850742,2026-01-12,2026-01,FY26-Q1,Vector Mobility,Enterprise,Transportation,Japan,Asia Pacific,Logan Chen,Security,Identity,Identity Guard for Fabric,9,7575.00,10,4340.00,Partner,Referral,Invoiced,Asia Pacific South,Priority,Subscription,Hybrid,Advanced,Net New,36,No
850743,2026-01-13,2026-01,FY26-Q1,Westbridge Pharma,Enterprise,Pharmaceuticals,Switzerland,Europe,Taylor Brooks,Analytics,Executive Reporting,Executive Scorecard Model,18,8100.00,17,4345.00,Renewal Desk,Inbound,Provisioned,Europe West,Strategic,Subscription,Hybrid,Premier,Renewal,24,Yes
850744,2026-01-14,2026-01,FY26-Q1,Xenon Labs,SMB,Technology,India,Asia Pacific,Taylor Brooks,Governance,Security,Access Policy Monitor,18,6125.00,0,3260.00,Marketplace,Upsell,Booked,Asia Pacific South,Standard,Subscription,Customer Managed,Essentials,Net New,12,No
850745,2026-01-15,2026-01,FY26-Q1,Yellowtail Resorts,SMB,Hospitality,Mexico,Latin America,Logan Chen,Managed Services,Support,Managed Monitoring Service,2,9350.00,0,5800.00,Marketplace,Inbound,Invoiced,Latin America South,Standard,Managed Services,Hybrid,Advanced,Expansion,36,No
850746,2026-01-16,2026-01,FY26-Q1,Zenith Public Works,Public Sector,Government,United States,North America,Morgan Patel,Security,Identity,Identity Guard for Fabric,41,7425.00,11,4270.00,Renewal Desk,Upsell,Provisioned,US East,Priority,Subscription,Azure Managed,Advanced,Renewal,36,Yes
850747,2026-01-17,2026-01,FY26-Q1,Asteria Foods,MidMarket,Consumer Goods,Spain,Europe,Taylor Brooks,Analytics,Executive Reporting,Executive Scorecard Model,42,7700.00,3,4190.00,Direct,Outbound,Active,Europe West,Standard,Subscription,Azure Managed,Advanced,Net New,24,No
850748,2026-01-18,2026-01,FY26-Q1,Borealis Health,Enterprise,Healthcare,Canada,North America,Avery Cole,Governance,Security,Access Policy Monitor,5,6825.00,12,3645.00,Direct,Inbound,Provisioned,US West,Priority,Subscription,Hybrid,Premier,Expansion,24,No
850749,2026-01-19,2026-01,FY26-Q1,Celestial Motors,Enterprise,Automotive,Germany,Europe,Parker Diaz,Managed Services,Support,Managed Monitoring Service,3,9600.00,15,5865.00,Renewal Desk,Upsell,Renewal Pending,Europe West,Strategic,Managed Services,Hybrid,Premier,Renewal,36,Yes
850750,2026-01-20,2026-01,FY26-Q1,Driftline Apparel,SMB,Retail,Australia,Asia Pacific,Cameron Kim,Security,Identity,Identity Guard for Fabric,21,7025.00,10,4080.00,Direct,Inbound,Invoiced,Asia Pacific South,Standard,Subscription,Customer Managed,Essentials,Expansion,36,No
850751,2026-01-21,2026-01,FY26-Q1,Eclipse Networks,Enterprise,Telecommunications,United States,North America,Reese Turner,Analytics,Executive Reporting,Executive Scorecard Model,27,7800.00,20,4080.00,Renewal Desk,Upsell,Invoiced,US Central,Priority,Subscription,Customer Managed,Premier,Renewal,12,Yes
850752,2026-01-22,2026-01,FY26-Q1,Fathom Analytics,MidMarket,Technology,Ireland,Europe,Riley Morgan,Governance,Security,Access Policy Monitor,34,6125.00,0,3395.00,Partner,Event,Invoiced,Europe West,Standard,Subscription,Azure Managed,Essentials,Net New,36,No
850753,2026-01-23,2026-01,FY26-Q1,Greatwater Shipping,Enterprise,Logistics,Singapore,Asia Pacific,Taylor Brooks,Managed Services,Support,Managed Monitoring Service,1,9600.00,5,5845.00,Partner,Event,Provisioned,Asia Pacific South,Strategic,Managed Services,Hybrid,Premier,Expansion,36,No
850754,2026-01-24,2026-01,FY26-Q1,Helios Devices,MidMarket,Manufacturing,Japan,Asia Pacific,Riley Morgan,Security,Identity,Identity Guard for Fabric,46,7575.00,3,4285.00,Renewal Desk,Inbound,Invoiced,Asia Pacific South,Priority,Subscription,Hybrid,Essentials,Renewal,24,Yes
850755,2026-01-25,2026-01,FY26-Q1,Ironclad Construction,MidMarket,Construction,United Arab Emirates,Middle East & Africa,Casey Singh,Analytics,Executive Reporting,Executive Scorecard Model,14,7700.00,3,4205.00,Marketplace,Upsell,Invoiced,Africa South,Standard,Subscription,Hybrid,Essentials,Net New,24,No
850756,2026-01-26,2026-01,FY26-Q1,Jetstream Travel,SMB,Travel,United Kingdom,Europe,Quinn Foster,Governance,Security,Access Policy Monitor,16,6025.00,10,3295.00,Marketplace,Upsell,Provisioned,Europe West,Standard,Subscription,Customer Managed,Advanced,Expansion,36,No
850757,2026-01-27,2026-01,FY26-Q1,Kestrel Finance,Enterprise,Financial Services,United States,North America,Taylor Brooks,Managed Services,Support,Managed Monitoring Service,2,9850.00,12,5825.00,Marketplace,Upsell,Provisioned,US Central,Strategic,Managed Services,Hybrid,Premier,Net New,12,No
850758,2026-01-28,2026-01,FY26-Q1,Northstar Education,Public Sector,Education,Canada,North America,Morgan Patel,Security,Identity,Identity Guard for Fabric,33,7825.00,1,4395.00,Marketplace,Inbound,Active,US East,Priority,Subscription,Azure Managed,Premier,Expansion,24,No
850759,2026-01-29,2026-01,FY26-Q1,Optima Warehousing,MidMarket,Logistics,Netherlands,Europe,Parker Diaz,Analytics,Executive Reporting,Executive Scorecard Model,39,7550.00,18,4230.00,Renewal Desk,Upsell,Renewal Pending,Europe West,Priority,Subscription,Azure Managed,Advanced,Renewal,36,Yes
850760,2026-01-30,2026-01,FY26-Q1,Pulse Renewables,Enterprise,Energy,Australia,Asia Pacific,Jordan Reyes,Governance,Security,Access Policy Monitor,44,6675.00,7,3600.00,Direct,Outbound,Booked,Asia Pacific South,Priority,Subscription,Hybrid,Advanced,Net New,12,No
850761,2026-01-31,2026-01,FY26-Q1,Alpine Manufacturing,Enterprise,Manufacturing,United States,North America,Avery Cole,Services,Training,Training Accelerator,1,6950.00,5,3480.00,Direct,Inbound,Booked,US East,Priority,Professional Services,Customer Managed,Premier,Expansion,12,No
850762,2026-02-01,2026-02,FY26-Q1,Bluebird Retail,MidMarket,Retail,Canada,North America,Morgan Patel,Lakehouse,Foundation,Lakehouse Foundation,11,5525.00,8,3190.00,Renewal Desk,Upsell,Invoiced,US East,Priority,Subscription,Azure Managed,Advanced,Renewal,36,Yes
850763,2026-02-02,2026-02,FY26-Q1,Canyon Health,Enterprise,Healthcare,United States,North America,Casey Singh,AI,Recommendations,Recommendation Studio,16,10050.00,12,5495.00,Direct,Outbound,Active,US East,Strategic,Subscription,Azure Managed,Premier,Net New,24,No
850764,2026-02-03,2026-02,FY26-Q1,Delta Logistics,MidMarket,Logistics,Germany,Europe,Cameron Kim,Platform,Capacity,Capacity Planner Toolkit,25,5175.00,11,2735.00,Renewal Desk,Upsell,Invoiced,Europe West,Priority,Subscription,Azure Managed,Essentials,Renewal,24,Yes
850765,2026-02-04,2026-02,FY26-Q1,Evergreen Schools,Public Sector,Education,United States,North America,Jordan Reyes,Services,Training,Training Accelerator,5,7350.00,3,3785.00,Partner,Event,Provisioned,US Central,Priority,Professional Services,Hybrid,Premier,Net New,12,No
850766,2026-02-05,2026-02,FY26-Q1,Frontier Energy,Enterprise,Energy,United Kingdom,Europe,Logan Chen,Lakehouse,Foundation,Lakehouse Foundation,39,5775.00,0,3080.00,Marketplace,Inbound,Active,Europe West,Priority,Subscription,Customer Managed,Premier,Expansion,12,No
850767,2026-02-06,2026-02,FY26-Q1,Granite Aerospace,Enterprise,Aerospace,United States,North America,Taylor Brooks,AI,Recommendations,Recommendation Studio,48,9800.00,8,5300.00,Renewal Desk,Inbound,Invoiced,US Central,Strategic,Subscription,Customer Managed,Premier,Renewal,24,Yes
850768,2026-02-07,2026-02,FY26-Q1,Harbor Foods,SMB,Consumer Goods,Brazil,Latin America,Riley Morgan,Platform,Capacity,Capacity Planner Toolkit,50,5075.00,1,2635.00,Marketplace,Upsell,Provisioned,Latin America South,Standard,Subscription,Customer Managed,Advanced,Net New,24,No
850769,2026-02-08,2026-02,FY26-Q1,Ion Medical,Enterprise,Healthcare,Singapore,Asia Pacific,Skyler Bennett,Services,Training,Training Accelerator,1,7130.00,5,3715.00,Marketplace,Upsell,Invoiced,Asia Pacific East,Priority,Professional Services,Azure Managed,Premier,Expansion,6,No
850770,2026-02-09,2026-02,FY26-Q1,Juniper Telecom,MidMarket,Telecommunications,Australia,Asia Pacific,Reese Turner,Lakehouse,Foundation,Lakehouse Foundation,21,5675.00,11,3205.00,Renewal Desk,Upsell,Renewal Pending,Asia Pacific South,Priority,Subscription,Hybrid,Essentials,Renewal,24,Yes
850771,2026-02-10,2026-02,FY26-Q1,Kepler Robotics,Enterprise,Technology,Japan,Asia Pacific,Riley Morgan,AI,Recommendations,Recommendation Studio,28,10300.00,12,5505.00,Marketplace,Upsell,Active,Asia Pacific South,Strategic,Subscription,Hybrid,Premier,Expansion,12,No
850772,2026-02-11,2026-02,FY26-Q1,Lighthouse Media,SMB,Media,United Kingdom,Europe,Jordan Reyes,Platform,Capacity,Capacity Planner Toolkit,36,5325.00,15,2840.00,Renewal Desk,Inbound,Renewal Pending,Europe West,Priority,Subscription,Hybrid,Advanced,Renewal,36,Yes
850773,2026-02-12,2026-02,FY26-Q1,Meridian Mining,Enterprise,Mining,South Africa,Middle East & Africa,Casey Singh,Services,Training,Training Accelerator,5,6630.00,17,3435.00,Direct,Outbound,Provisioned,Middle East Hub,Priority,Professional Services,Customer Managed,Advanced,Net New,6,No
850774,2026-02-13,2026-02,FY26-Q1,Nimbus Hotels,MidMarket,Hospitality,United Arab Emirates,Middle East & Africa,Avery Cole,Lakehouse,Foundation,Lakehouse Foundation,47,5675.00,0,3230.00,Partner,Referral,Provisioned,Africa South,Standard,Subscription,Azure Managed,Advanced,Expansion,24,No
850775,2026-02-14,2026-02,FY26-Q1,Orchard Biotech,Enterprise,Biotech,United States,North America,Quinn Foster,AI,Recommendations,Recommendation Studio,10,10050.00,10,5535.00,Renewal Desk,Inbound,Renewal Pending,US East,Strategic,Subscription,Azure Managed,Premier,Renewal,24,Yes
850776,2026-02-15,2026-02,FY26-Q1,Pioneer Insurance,MidMarket,Insurance,Canada,North America,Logan Chen,Platform,Capacity,Capacity Planner Toolkit,19,5325.00,3,2770.00,Partner,Referral,Provisioned,US East,Standard,Subscription,Azure Managed,Advanced,Net New,24,No
850777,2026-02-16,2026-02,FY26-Q1,Quantum Freight,Enterprise,Logistics,Germany,Europe,Skyler Bennett,Services,Training,Training Accelerator,1,7350.00,10,3725.00,Partner,Event,Invoiced,Europe North,Priority,Professional Services,Hybrid,Premier,Expansion,12,No
850778,2026-02-17,2026-02,FY26-Q1,Redwood Capital,Enterprise,Financial Services,United States,North America,Logan Chen,Lakehouse,Foundation,Lakehouse Foundation,31,5525.00,12,3035.00,Marketplace,Inbound,Invoiced,US Central,Priority,Subscription,Customer Managed,Advanced,Net New,12,No
850779,2026-02-18,2026-02,FY26-Q1,Summit Utilities,Public Sector,Utilities,United Kingdom,Europe,Morgan Patel,AI,Recommendations,Recommendation Studio,39,9550.00,5,5255.00,Partner,Referral,Booked,Europe West,Priority,Subscription,Customer Managed,Advanced,Expansion,24,No
850780,2026-02-19,2026-02,FY26-Q1,Tidal Commerce,SMB,Retail,Singapore,Asia Pacific,Casey Singh,Platform,Capacity,Capacity Planner Toolkit,44,4775.00,18,2580.00,Renewal Desk,Inbound,Provisioned,Asia Pacific South,Priority,Subscription,Customer Managed,Essentials,Renewal,36,Yes
850781,2026-02-20,2026-02,FY26-Q1,Umbra Security,MidMarket,Cybersecurity,Israel,Middle East & Africa,Morgan Patel,Services,Training,Training Accelerator,5,6730.00,13,3475.00,Marketplace,Inbound,Invoiced,Middle East Hub,Standard,Professional Services,Azure Managed,Essentials,Net New,6,No
850782,2026-02-21,2026-02,FY26-Q1,Vector Mobility,Enterprise,Transportation,Japan,Asia Pacific,Reese Turner,Lakehouse,Foundation,Lakehouse Foundation,13,5925.00,7,3240.00,Direct,Inbound,Invoiced,Asia Pacific South,Priority,Subscription,Hybrid,Advanced,Expansion,12,No
850783,2026-02-22,2026-02,FY26-Q1,Westbridge Pharma,Enterprise,Pharmaceuticals,Switzerland,Europe,Casey Singh,AI,Recommendations,Recommendation Studio,22,10050.00,13,5545.00,Renewal Desk,Inbound,Provisioned,Europe West,Strategic,Subscription,Hybrid,Premier,Renewal,36,Yes
850784,2026-02-23,2026-02,FY26-Q1,Xenon Labs,SMB,Technology,India,Asia Pacific,Casey Singh,Platform,Capacity,Capacity Planner Toolkit,22,5325.00,8,2785.00,Direct,Outbound,Booked,Asia Pacific South,Standard,Subscription,Hybrid,Essentials,Net New,24,No
850785,2026-02-24,2026-02,FY26-Q1,Yellowtail Resorts,SMB,Hospitality,Mexico,Latin America,Reese Turner,Services,Training,Training Accelerator,1,6400.00,13,3380.00,Renewal Desk,Upsell,Renewal Pending,Latin America South,Priority,Professional Services,Customer Managed,Essentials,Renewal,3,Yes
850786,2026-02-25,2026-02,FY26-Q1,Zenith Public Works,Public Sector,Government,United States,North America,Logan Chen,Lakehouse,Foundation,Lakehouse Foundation,45,5775.00,5,3170.00,Partner,Referral,Invoiced,US East,Priority,Subscription,Azure Managed,Advanced,Net New,12,No
850787,2026-02-26,2026-02,FY26-Q1,Asteria Foods,MidMarket,Consumer Goods,Spain,Europe,Casey Singh,AI,Recommendations,Recommendation Studio,46,9650.00,15,5390.00,Direct,Outbound,Active,Europe West,Standard,Subscription,Azure Managed,Advanced,Expansion,36,No
850788,2026-02-27,2026-02,FY26-Q1,Borealis Health,Enterprise,Healthcare,Canada,North America,Cameron Kim,Platform,Capacity,Capacity Planner Toolkit,9,5425.00,5,2895.00,Renewal Desk,Upsell,Invoiced,US East,Priority,Subscription,Azure Managed,Premier,Renewal,36,Yes
850789,2026-02-28,2026-02,FY26-Q1,Celestial Motors,Enterprise,Automotive,Germany,Europe,Avery Cole,Services,Training,Training Accelerator,5,7200.00,5,3765.00,Partner,Referral,Booked,Europe North,Priority,Professional Services,Hybrid,Premier,Net New,3,No
850790,2026-03-01,2026-03,FY26-Q1,Driftline Apparel,SMB,Retail,Australia,Asia Pacific,Parker Diaz,Lakehouse,Foundation,Lakehouse Foundation,25,5375.00,6,2980.00,Marketplace,Inbound,Invoiced,Asia Pacific South,Standard,Subscription,Customer Managed,Essentials,Expansion,12,No
850791,2026-03-02,2026-03,FY26-Q1,Eclipse Networks,Enterprise,Telecommunications,United States,North America,Morgan Patel,AI,Recommendations,Recommendation Studio,31,9800.00,15,5280.00,Renewal Desk,Upsell,Invoiced,US Central,Strategic,Subscription,Customer Managed,Premier,Renewal,24,Yes
850792,2026-03-03,2026-03,FY26-Q1,Fathom Analytics,MidMarket,Technology,Ireland,Europe,Quinn Foster,Platform,Capacity,Capacity Planner Toolkit,38,5025.00,6,2520.00,Marketplace,Upsell,Invoiced,Europe West,Standard,Subscription,Customer Managed,Essentials,Expansion,12,No
850793,2026-03-04,2026-03,FY26-Q1,Greatwater Shipping,Enterprise,Logistics,Singapore,Asia Pacific,Casey Singh,Services,Training,Training Accelerator,1,7050.00,17,3695.00,Renewal Desk,Inbound,Provisioned,Asia Pacific East,Priority,Professional Services,Azure Managed,Premier,Renewal,3,Yes
850794,2026-03-05,2026-03,FY26-Q1,Helios Devices,MidMarket,Manufacturing,Japan,Asia Pacific,Quinn Foster,Lakehouse,Foundation,Lakehouse Foundation,50,5525.00,15,3185.00,Direct,Outbound,Invoiced,Asia Pacific South,Standard,Subscription,Hybrid,Essentials,Net New,36,No
850795,2026-03-06,2026-03,FY26-Q1,Ironclad Construction,MidMarket,Construction,United Arab Emirates,Middle East & Africa,Skyler Bennett,AI,Recommendations,Recommendation Studio,18,9650.00,0,5405.00,Marketplace,Upsell,Invoiced,Africa South,Standard,Subscription,Hybrid,Essentials,Expansion,36,No
850796,2026-03-07,2026-03,FY26-Q1,Jetstream Travel,SMB,Travel,United Kingdom,Europe,Jordan Reyes,Platform,Capacity,Capacity Planner Toolkit,20,5575.00,6,2820.00,Renewal Desk,Inbound,Renewal Pending,Europe West,Priority,Subscription,Hybrid,Advanced,Renewal,12,Yes
850797,2026-03-08,2026-03,FY26-Q1,Kestrel Finance,Enterprise,Financial Services,United States,North America,Casey Singh,Services,Training,Training Accelerator,5,6880.00,7,3500.00,Direct,Outbound,Provisioned,US East,Priority,Professional Services,Customer Managed,Premier,Net New,6,No
850798,2026-03-09,2026-03,FY26-Q1,Northstar Education,Public Sector,Education,Canada,North America,Logan Chen,Lakehouse,Foundation,Lakehouse Foundation,37,5775.00,0,3295.00,Partner,Referral,Active,US East,Priority,Subscription,Azure Managed,Premier,Expansion,36,No
850799,2026-03-10,2026-03,FY26-Q1,Optima Warehousing,MidMarket,Logistics,Netherlands,Europe,Avery Cole,AI,Recommendations,Recommendation Studio,43,9900.00,10,5430.00,Direct,Inbound,Provisioned,Europe West,Standard,Subscription,Azure Managed,Advanced,Net New,12,No
850800,2026-03-11,2026-03,FY26-Q1,Pulse Renewables,Enterprise,Energy,Australia,Asia Pacific,Riley Morgan,Platform,Capacity,Capacity Planner Toolkit,48,5325.00,14,2850.00,Partner,Event,Booked,Asia Pacific South,Priority,Subscription,Azure Managed,Advanced,Expansion,24,No
850801,2026-03-12,2026-03,FY26-Q1,Alpine Manufacturing,Enterprise,Manufacturing,United States,North America,Cameron Kim,Data Integration,Pipelines,API Ingestion Hub,13,4150.00,5,2205.00,Renewal Desk,Upsell,Invoiced,US West,Priority,Subscription,Hybrid,Premier,Renewal,12,Yes
850802,2026-03-13,2026-03,FY26-Q1,Bluebird Retail,MidMarket,Retail,Canada,North America,Logan Chen,Analytics,Operations,Operations Command Dashboard,15,7125.00,0,3715.00,Partner,Referral,Active,US Central,Standard,Subscription,Customer Managed,Advanced,Net New,12,No
850803,2026-03-14,2026-03,FY26-Q1,Canyon Health,Enterprise,Healthcare,United States,North America,Skyler Bennett,Automation,Workflows,Workflow Orchestrator,20,6650.00,10,3720.00,Partner,Event,Active,US Central,Priority,Subscription,Customer Managed,Premier,Expansion,36,No
850804,2026-03-15,2026-03,FY26-Q1,Delta Logistics,MidMarket,Logistics,Germany,Europe,Parker Diaz,Managed Services,Backup,Recovery Assurance Service,2,10225.00,8,6280.00,Renewal Desk,Upsell,Invoiced,Europe West,Priority,Managed Services,Hybrid,Advanced,Renewal,36,Yes
850805,2026-03-16,2026-03,FY26-Q1,Evergreen Schools,Public Sector,Education,United States,North America,Riley Morgan,Data Integration,Pipelines,API Ingestion Hub,38,4000.00,0,2235.00,Marketplace,Upsell,Provisioned,US East,Priority,Subscription,Azure Managed,Premier,Net New,12,No
850806,2026-03-17,2026-03,FY26-Q1,Frontier Energy,Enterprise,Energy,United Kingdom,Europe,Reese Turner,Analytics,Operations,Operations Command Dashboard,43,7675.00,17,4005.00,Renewal Desk,Upsell,Provisioned,Europe West,Priority,Subscription,Hybrid,Premier,Renewal,24,Yes
850807,2026-03-18,2026-03,FY26-Q1,Granite Aerospace,Enterprise,Aerospace,United States,North America,Casey Singh,Automation,Workflows,Workflow Orchestrator,6,7050.00,0,3925.00,Marketplace,Upsell,Active,US West,Priority,Subscription,Hybrid,Premier,Net New,36,No
850808,2026-03-19,2026-03,FY26-Q1,Harbor Foods,SMB,Consumer Goods,Brazil,Latin America,Quinn Foster,Managed Services,Backup,Recovery Assurance Service,1,10475.00,0,6345.00,Marketplace,Upsell,Provisioned,Latin America South,Standard,Managed Services,Hybrid,Premier,Expansion,36,No
850809,2026-03-20,2026-03,FY26-Q1,Ion Medical,Enterprise,Healthcare,Singapore,Asia Pacific,Taylor Brooks,Data Integration,Pipelines,API Ingestion Hub,14,3500.00,8,2040.00,Renewal Desk,Inbound,Renewal Pending,Asia Pacific South,Priority,Subscription,Customer Managed,Premier,Renewal,36,Yes
850810,2026-03-21,2026-03,FY26-Q1,Juniper Telecom,MidMarket,Telecommunications,Australia,Asia Pacific,Morgan Patel,Analytics,Operations,Operations Command Dashboard,25,6975.00,3,3855.00,Direct,Inbound,Invoiced,Asia Pacific South,Standard,Subscription,Azure Managed,Essentials,Net New,36,No
850811,2026-03-22,2026-03,FY26-Q1,Kepler Robotics,Enterprise,Technology,Japan,Asia Pacific,Quinn Foster,Automation,Workflows,Workflow Orchestrator,32,7050.00,12,3855.00,Direct,Outbound,Active,Asia Pacific South,Priority,Subscription,Azure Managed,Premier,Expansion,24,No
850812,2026-03-23,2026-03,FY26-Q1,Lighthouse Media,SMB,Media,United Kingdom,Europe,Riley Morgan,Managed Services,Backup,Recovery Assurance Service,2,10725.00,13,6325.00,Renewal Desk,Inbound,Renewal Pending,Europe West,Priority,Managed Services,Hybrid,Premier,Renewal,12,Yes
850813,2026-03-24,2026-03,FY26-Q1,Meridian Mining,Enterprise,Mining,South Africa,Middle East & Africa,Skyler Bennett,Data Integration,Pipelines,API Ingestion Hub,46,3650.00,14,2160.00,Partner,Event,Booked,Africa South,Priority,Subscription,Hybrid,Advanced,Expansion,36,No
850814,2026-03-25,2026-03,FY26-Q1,Nimbus Hotels,MidMarket,Hospitality,United Arab Emirates,Middle East & Africa,Cameron Kim,Analytics,Operations,Operations Command Dashboard,5,6875.00,15,3755.00,Renewal Desk,Upsell,Invoiced,Africa South,Priority,Subscription,Customer Managed,Advanced,Renewal,36,Yes
850815,2026-03-26,2026-03,FY26-Q1,Orchard Biotech,Enterprise,Biotech,United States,North America,Jordan Reyes,Automation,Workflows,Workflow Orchestrator,14,6650.00,5,3760.00,Partner,Event,Active,US Central,Priority,Subscription,Customer Managed,Premier,Net New,36,No
850816,2026-03-27,2026-03,FY26-Q1,Pioneer Insurance,MidMarket,Insurance,Canada,North America,Reese Turner,Managed Services,Backup,Recovery Assurance Service,1,10475.00,0,6305.00,Partner,Referral,Provisioned,US West,Standard,Managed Services,Hybrid,Premier,Expansion,36,No
850817,2026-03-28,2026-03,FY26-Q1,Quantum Freight,Enterprise,Logistics,Germany,Europe,Taylor Brooks,Data Integration,Pipelines,API Ingestion Hub,28,4000.00,10,2175.00,Renewal Desk,Inbound,Provisioned,Europe West,Priority,Subscription,Azure Managed,Premier,Renewal,12,Yes
850818,2026-03-29,2026-03,FY26-Q1,Redwood Capital,Enterprise,Financial Services,United States,North America,Reese Turner,Analytics,Operations,Operations Command Dashboard,35,7425.00,8,3960.00,Marketplace,Inbound,Invoiced,US West,Priority,Subscription,Hybrid,Advanced,Net New,24,No
850819,2026-03-30,2026-03,FY26-Q1,Summit Utilities,Public Sector,Utilities,United Kingdom,Europe,Logan Chen,Automation,Workflows,Workflow Orchestrator,43,6800.00,1,3880.00,Marketplace,Inbound,Booked,Europe West,Priority,Subscription,Hybrid,Advanced,Expansion,36,No
850820,2026-03-31,2026-03,FY26-Q1,Tidal Commerce,SMB,Retail,Singapore,Asia Pacific,Skyler Bennett,Managed Services,Backup,Recovery Assurance Service,4,10475.00,10,6300.00,Marketplace,Upsell,Booked,Asia Pacific South,Standard,Managed Services,Hybrid,Advanced,Net New,12,No
850821,2026-04-01,2026-04,FY26-Q2,Umbra Security,MidMarket,Cybersecurity,Israel,Middle East & Africa,Logan Chen,Data Integration,Pipelines,API Ingestion Hub,9,3100.00,12,1800.00,Direct,Inbound,Invoiced,Africa South,Standard,Subscription,Customer Managed,Essentials,Expansion,36,No
850822,2026-04-02,2026-04,FY26-Q2,Vector Mobility,Enterprise,Transportation,Japan,Asia Pacific,Morgan Patel,Analytics,Operations,Operations Command Dashboard,17,7275.00,5,3890.00,Renewal Desk,Upsell,Renewal Pending,Asia Pacific South,Priority,Subscription,Azure Managed,Advanced,Renewal,24,Yes
850823,2026-04-03,2026-04,FY26-Q2,Westbridge Pharma,Enterprise,Pharmaceuticals,Switzerland,Europe,Skyler Bennett,Automation,Workflows,Workflow Orchestrator,26,7150.00,7,3895.00,Direct,Outbound,Provisioned,Europe West,Priority,Subscription,Azure Managed,Premier,Net New,12,No
850824,2026-04-04,2026-04,FY26-Q2,Xenon Labs,SMB,Technology,India,Asia Pacific,Skyler Bennett,Managed Services,Backup,Recovery Assurance Service,4,10225.00,5,6280.00,Direct,Outbound,Booked,Asia Pacific South,Standard,Managed Services,Hybrid,Advanced,Expansion,36,No
850825,2026-04-05,2026-04,FY26-Q2,Yellowtail Resorts,SMB,Hospitality,Mexico,Latin America,Morgan Patel,Data Integration,Pipelines,API Ingestion Hub,41,3650.00,11,2105.00,Renewal Desk,Upsell,Invoiced,Latin America South,Priority,Subscription,Hybrid,Essentials,Renewal,24,Yes
850826,2026-04-06,2026-04,FY26-Q2,Zenith Public Works,Public Sector,Government,United States,North America,Reese Turner,Analytics,Operations,Operations Command Dashboard,49,7025.00,0,3695.00,Partner,Referral,Invoiced,US Central,Priority,Subscription,Customer Managed,Advanced,Net New,24,No
850827,2026-04-07,2026-04,FY26-Q2,Asteria Foods,MidMarket,Consumer Goods,Spain,Europe,Skyler Bennett,Automation,Workflows,Workflow Orchestrator,50,6650.00,15,3615.00,Renewal Desk,Inbound,Invoiced,Europe West,Priority,Subscription,Customer Managed,Advanced,Renewal,12,Yes
850828,2026-04-08,2026-04,FY26-Q2,Borealis Health,Enterprise,Healthcare,Canada,North America,Parker Diaz,Managed Services,Backup,Recovery Assurance Service,1,10725.00,17,6345.00,Partner,Referral,Provisioned,US West,Strategic,Managed Services,Hybrid,Premier,Net New,12,No
850829,2026-04-09,2026-04,FY26-Q2,Celestial Motors,Enterprise,Automotive,Germany,Europe,Cameron Kim,Data Integration,Pipelines,API Ingestion Hub,21,3900.00,0,2215.00,Marketplace,Inbound,Active,Europe West,Priority,Subscription,Azure Managed,Premier,Expansion,24,No
850830,2026-04-10,2026-04,FY26-Q2,Driftline Apparel,SMB,Retail,Australia,Asia Pacific,Avery Cole,Analytics,Operations,Operations Command Dashboard,29,7275.00,6,3905.00,Renewal Desk,Upsell,Provisioned,Asia Pacific South,Priority,Subscription,Hybrid,Essentials,Renewal,24,Yes
850831,2026-04-11,2026-04,FY26-Q2,Eclipse Networks,Enterprise,Telecommunications,United States,North America,Logan Chen,Automation,Workflows,Workflow Orchestrator,35,7050.00,8,3905.00,Marketplace,Inbound,Active,US West,Priority,Subscription,Hybrid,Premier,Net New,36,No
850832,2026-04-12,2026-04,FY26-Q2,Fathom Analytics,MidMarket,Technology,Ireland,Europe,Jordan Reyes,Managed Services,Backup,Recovery Assurance Service,2,10375.00,3,6240.00,Marketplace,Upsell,Invoiced,Europe West,Standard,Managed Services,Hybrid,Advanced,Expansion,24,No
850833,2026-04-13,2026-04,FY26-Q2,Greatwater Shipping,Enterprise,Logistics,Singapore,Asia Pacific,Skyler Bennett,Data Integration,Pipelines,API Ingestion Hub,6,3650.00,15,2020.00,Renewal Desk,Inbound,Renewal Pending,Asia Pacific South,Priority,Subscription,Customer Managed,Premier,Renewal,24,Yes
850834,2026-04-14,2026-04,FY26-Q2,Helios Devices,MidMarket,Manufacturing,Japan,Asia Pacific,Jordan Reyes,Analytics,Operations,Operations Command Dashboard,8,7225.00,10,3835.00,Direct,Outbound,Invoiced,Asia Pacific South,Standard,Subscription,Azure Managed,Essentials,Expansion,12,No
850835,2026-04-15,2026-04,FY26-Q2,Ironclad Construction,MidMarket,Construction,United Arab Emirates,Middle East & Africa,Taylor Brooks,Automation,Workflows,Workflow Orchestrator,22,6750.00,18,3755.00,Renewal Desk,Inbound,Renewal Pending,Africa South,Priority,Subscription,Azure Managed,Essentials,Renewal,12,Yes
850836,2026-04-16,2026-04,FY26-Q2,Jetstream Travel,SMB,Travel,United Kingdom,Europe,Riley Morgan,Managed Services,Backup,Recovery Assurance Service,2,10625.00,0,6305.00,Direct,Outbound,Provisioned,Europe West,Standard,Managed Services,Hybrid,Premier,Net New,24,No
850837,2026-04-17,2026-04,FY26-Q2,Kestrel Finance,Enterprise,Financial Services,United States,North America,Skyler Bennett,Data Integration,Pipelines,API Ingestion Hub,30,3900.00,5,2225.00,Partner,Event,Provisioned,US West,Priority,Subscription,Hybrid,Premier,Expansion,36,No
850838,2026-04-18,2026-04,FY26-Q2,Northstar Education,Public Sector,Education,Canada,North America,Reese Turner,Analytics,Operations,Operations Command Dashboard,41,7375.00,15,3820.00,Renewal Desk,Upsell,Invoiced,US Central,Priority,Subscription,Customer Managed,Premier,Renewal,12,Yes
850839,2026-04-19,2026-04,FY26-Q2,Optima Warehousing,MidMarket,Logistics,Netherlands,Europe,Cameron Kim,Automation,Workflows,Workflow Orchestrator,47,6550.00,8,3655.00,Partner,Referral,Provisioned,Europe West,Standard,Subscription,Customer Managed,Advanced,Net New,24,No
850840,2026-04-20,2026-04,FY26-Q2,Pulse Renewables,Enterprise,Energy,Australia,Asia Pacific,Quinn Foster,Managed Services,Backup,Recovery Assurance Service,4,10225.00,12,6300.00,Partner,Event,Booked,Asia Pacific South,Strategic,Managed Services,Hybrid,Advanced,Expansion,36,No
850841,2026-04-21,2026-04,FY26-Q2,Alpine Manufacturing,Enterprise,Manufacturing,United States,North America,Parker Diaz,Lakehouse,Optimization,Delta Optimization Pack,17,6800.00,12,3755.00,Marketplace,Inbound,Provisioned,US East,Priority,Subscription,Azure Managed,Premier,Net New,24,No
850842,2026-04-22,2026-04,FY26-Q2,Bluebird Retail,MidMarket,Retail,Canada,North America,Reese Turner,Governance,Catalog,Data Catalog Accelerator,19,6225.00,15,3340.00,Partner,Referral,Active,US West,Standard,Subscription,Hybrid,Advanced,Expansion,24,No
850843,2026-04-23,2026-04,FY26-Q2,Canyon Health,Enterprise,Healthcare,United States,North America,Taylor Brooks,Platform,Enablement,Fabric Enablement Bundle,24,8450.00,20,4595.00,Renewal Desk,Inbound,Provisioned,US East,Strategic,Subscription,Azure Managed,Premier,Renewal,12,Yes
850844,2026-04-24,2026-04,FY26-Q2,Delta Logistics,MidMarket,Logistics,Germany,Europe,Avery Cole,Security,Compliance,Compliance Evidence Hub,33,8025.00,13,4460.00,Marketplace,Inbound,Invoiced,Europe West,Standard,Subscription,Customer Managed,Essentials,Net New,12,No
850845,2026-04-25,2026-04,FY26-Q2,Evergreen Schools,Public Sector,Education,United States,North America,Quinn Foster,Lakehouse,Optimization,Delta Optimization Pack,42,6550.00,12,3660.00,Direct,Outbound,Provisioned,US Central,Priority,Subscription,Customer Managed,Premier,Expansion,24,No
850846,2026-04-26,2026-04,FY26-Q2,Frontier Energy,Enterprise,Energy,United Kingdom,Europe,Morgan Patel,Governance,Catalog,Data Catalog Accelerator,47,6175.00,15,3355.00,Renewal Desk,Upsell,Provisioned,Europe North,Priority,Subscription,Azure Managed,Premier,Renewal,36,Yes
850847,2026-04-27,2026-04,FY26-Q2,Granite Aerospace,Enterprise,Aerospace,United States,North America,Skyler Bennett,Platform,Enablement,Fabric Enablement Bundle,10,8200.00,10,4400.00,Direct,Outbound,Active,US Central,Strategic,Subscription,Customer Managed,Premier,Net New,12,No
850848,2026-04-28,2026-04,FY26-Q2,Harbor Foods,SMB,Consumer Goods,Brazil,Latin America,Jordan Reyes,Security,Compliance,Compliance Evidence Hub,12,8575.00,13,4760.00,Renewal Desk,Inbound,Renewal Pending,Latin America South,Priority,Subscription,Hybrid,Advanced,Renewal,12,Yes
850849,2026-04-29,2026-04,FY26-Q2,Ion Medical,Enterprise,Healthcare,Singapore,Asia Pacific,Casey Singh,Lakehouse,Optimization,Delta Optimization Pack,18,7050.00,17,3865.00,Partner,Event,Provisioned,Asia Pacific East,Priority,Subscription,Hybrid,Premier,Net New,12,No
850850,2026-04-30,2026-04,FY26-Q2,Juniper Telecom,MidMarket,Telecommunications,Australia,Asia Pacific,Logan Chen,Governance,Catalog,Data Catalog Accelerator,29,5775.00,0,3080.00,Direct,Inbound,Invoiced,Asia Pacific East,Standard,Subscription,Customer Managed,Essentials,Expansion,12,No
850851,2026-05-01,2026-05,FY26-Q2,Kepler Robotics,Enterprise,Technology,Japan,Asia Pacific,Jordan Reyes,Platform,Enablement,Fabric Enablement Bundle,36,8350.00,5,4605.00,Renewal Desk,Inbound,Invoiced,Asia Pacific East,Strategic,Subscription,Hybrid,Premier,Renewal,36,Yes
850852,2026-05-02,2026-05,FY26-Q2,Lighthouse Media,SMB,Media,United Kingdom,Europe,Quinn Foster,Security,Compliance,Compliance Evidence Hub,44,8325.00,3,4690.00,Partner,Event,Provisioned,Europe West,Standard,Subscription,Azure Managed,Advanced,Net New,24,No
850853,2026-05-03,2026-05,FY26-Q2,Meridian Mining,Enterprise,Mining,South Africa,Middle East & Africa,Taylor Brooks,Lakehouse,Optimization,Delta Optimization Pack,50,6650.00,8,3710.00,Marketplace,Upsell,Booked,Middle East Hub,Priority,Subscription,Azure Managed,Advanced,Expansion,12,No
850854,2026-05-04,2026-05,FY26-Q2,Nimbus Hotels,MidMarket,Hospitality,United Arab Emirates,Middle East & Africa,Parker Diaz,Governance,Catalog,Data Catalog Accelerator,9,6325.00,13,3380.00,Renewal Desk,Upsell,Invoiced,Middle East Hub,Priority,Subscription,Hybrid,Advanced,Renewal,12,Yes
850855,2026-05-05,2026-05,FY26-Q2,Orchard Biotech,Enterprise,Biotech,United States,North America,Riley Morgan,Platform,Enablement,Fabric Enablement Bundle,18,8450.00,10,4635.00,Marketplace,Upsell,Active,US East,Strategic,Subscription,Azure Managed,Premier,Expansion,12,No
850856,2026-05-06,2026-05,FY26-Q2,Pioneer Insurance,MidMarket,Insurance,Canada,North America,Morgan Patel,Security,Compliance,Compliance Evidence Hub,27,8175.00,13,4495.00,Renewal Desk,Upsell,Provisioned,US Central,Priority,Subscription,Customer Managed,Advanced,Renewal,12,Yes
850857,2026-05-07,2026-05,FY26-Q2,Quantum Freight,Enterprise,Logistics,Germany,Europe,Casey Singh,Lakehouse,Optimization,Delta Optimization Pack,32,6550.00,2,3600.00,Direct,Outbound,Active,Europe North,Priority,Subscription,Customer Managed,Premier,Net New,24,No
850858,2026-05-08,2026-05,FY26-Q2,Redwood Capital,Enterprise,Financial Services,United States,North America,Morgan Patel,Governance,Catalog,Data Catalog Accelerator,39,5925.00,5,3310.00,Marketplace,Inbound,Invoiced,US East,Priority,Subscription,Azure Managed,Advanced,Expansion,36,No
850859,2026-05-09,2026-05,FY26-Q2,Summit Utilities,Public Sector,Utilities,United Kingdom,Europe,Reese Turner,Platform,Enablement,Fabric Enablement Bundle,47,7950.00,13,4355.00,Renewal Desk,Upsell,Renewal Pending,Europe North,Priority,Subscription,Customer Managed,Advanced,Renewal,12,Yes
850860,2026-05-10,2026-05,FY26-Q2,Tidal Commerce,SMB,Retail,Singapore,Asia Pacific,Taylor Brooks,Security,Compliance,Compliance Evidence Hub,6,8325.00,5,4705.00,Direct,Outbound,Booked,Asia Pacific South,Standard,Subscription,Hybrid,Essentials,Net New,24,No
850861,2026-05-11,2026-05,FY26-Q2,Umbra Security,MidMarket,Cybersecurity,Israel,Middle East & Africa,Reese Turner,Lakehouse,Optimization,Delta Optimization Pack,13,6650.00,8,3625.00,Partner,Referral,Invoiced,Middle East Hub,Standard,Subscription,Hybrid,Essentials,Expansion,12,No
850862,2026-05-12,2026-05,FY26-Q2,Vector Mobility,Enterprise,Transportation,Japan,Asia Pacific,Logan Chen,Governance,Catalog,Data Catalog Accelerator,21,5675.00,17,3115.00,Direct,Inbound,Invoiced,Asia Pacific East,Priority,Subscription,Customer Managed,Advanced,Net New,36,No
850863,2026-05-13,2026-05,FY26-Q2,Westbridge Pharma,Enterprise,Pharmaceuticals,Switzerland,Europe,Taylor Brooks,Platform,Enablement,Fabric Enablement Bundle,30,8500.00,14,4645.00,Partner,Event,Provisioned,Europe North,Strategic,Subscription,Hybrid,Premier,Expansion,24,No
850864,2026-05-14,2026-05,FY26-Q2,Xenon Labs,SMB,Technology,India,Asia Pacific,Taylor Brooks,Security,Compliance,Compliance Evidence Hub,30,8275.00,18,4635.00,Renewal Desk,Inbound,Invoiced,Asia Pacific South,Priority,Subscription,Azure Managed,Essentials,Renewal,12,Yes
850865,2026-05-15,2026-05,FY26-Q2,Yellowtail Resorts,SMB,Hospitality,Mexico,Latin America,Logan Chen,Lakehouse,Optimization,Delta Optimization Pack,45,6250.00,1,3655.00,Marketplace,Inbound,Invoiced,Latin America South,Standard,Subscription,Azure Managed,Essentials,Net New,36,No
850866,2026-05-16,2026-05,FY26-Q2,Zenith Public Works,Public Sector,Government,United States,North America,Morgan Patel,Governance,Catalog,Data Catalog Accelerator,7,6075.00,15,3320.00,Partner,Referral,Invoiced,US West,Priority,Subscription,Hybrid,Advanced,Expansion,36,No
850867,2026-05-17,2026-05,FY26-Q2,Asteria Foods,MidMarket,Consumer Goods,Spain,Europe,Taylor Brooks,Platform,Enablement,Fabric Enablement Bundle,8,8100.00,6,4490.00,Renewal Desk,Inbound,Provisioned,Europe North,Priority,Subscription,Azure Managed,Advanced,Renewal,24,Yes
850868,2026-05-18,2026-05,FY26-Q2,Borealis Health,Enterprise,Healthcare,Canada,North America,Avery Cole,Security,Compliance,Compliance Evidence Hub,17,8325.00,8,4620.00,Marketplace,Inbound,Provisioned,US Central,Strategic,Subscription,Customer Managed,Premier,Net New,24,No
850869,2026-05-19,2026-05,FY26-Q2,Celestial Motors,Enterprise,Automotive,Germany,Europe,Parker Diaz,Lakehouse,Optimization,Delta Optimization Pack,25,6400.00,17,3640.00,Renewal Desk,Upsell,Renewal Pending,Europe North,Priority,Subscription,Customer Managed,Premier,Renewal,36,Yes
850870,2026-05-20,2026-05,FY26-Q2,Driftline Apparel,SMB,Retail,Australia,Asia Pacific,Cameron Kim,Governance,Catalog,Data Catalog Accelerator,33,5775.00,0,3255.00,Marketplace,Inbound,Invoiced,Asia Pacific East,Standard,Subscription,Azure Managed,Essentials,Net New,36,No
850871,2026-05-21,2026-05,FY26-Q2,Eclipse Networks,Enterprise,Telecommunications,United States,North America,Reese Turner,Platform,Enablement,Fabric Enablement Bundle,39,8200.00,17,4380.00,Direct,Inbound,Active,US Central,Strategic,Subscription,Customer Managed,Premier,Expansion,12,No
850872,2026-05-22,2026-05,FY26-Q2,Fathom Analytics,MidMarket,Technology,Ireland,Europe,Riley Morgan,Security,Compliance,Compliance Evidence Hub,46,8175.00,18,4645.00,Renewal Desk,Inbound,Renewal Pending,Europe West,Priority,Subscription,Hybrid,Essentials,Renewal,36,Yes
850873,2026-05-23,2026-05,FY26-Q2,Greatwater Shipping,Enterprise,Logistics,Singapore,Asia Pacific,Taylor Brooks,Lakehouse,Optimization,Delta Optimization Pack,10,6800.00,7,3845.00,Partner,Event,Provisioned,Asia Pacific East,Priority,Subscription,Hybrid,Premier,Net New,36,No
850874,2026-05-24,2026-05,FY26-Q2,Helios Devices,MidMarket,Manufacturing,Japan,Asia Pacific,Riley Morgan,Governance,Catalog,Data Catalog Accelerator,12,5675.00,8,3060.00,Direct,Outbound,Invoiced,Asia Pacific East,Standard,Subscription,Customer Managed,Essentials,Expansion,24,No
850875,2026-05-25,2026-05,FY26-Q2,Ironclad Construction,MidMarket,Construction,United Arab Emirates,Middle East & Africa,Casey Singh,Platform,Enablement,Fabric Enablement Bundle,26,8100.00,8,4505.00,Renewal Desk,Inbound,Invoiced,Middle East Hub,Priority,Subscription,Hybrid,Essentials,Renewal,24,Yes
850876,2026-05-26,2026-05,FY26-Q2,Jetstream Travel,SMB,Travel,United Kingdom,Europe,Quinn Foster,Security,Compliance,Compliance Evidence Hub,28,8175.00,10,4670.00,Partner,Event,Provisioned,Europe West,Standard,Subscription,Azure Managed,Advanced,Expansion,36,No
850877,2026-05-27,2026-05,FY26-Q2,Kestrel Finance,Enterprise,Financial Services,United States,North America,Taylor Brooks,Lakehouse,Optimization,Delta Optimization Pack,34,6900.00,20,3775.00,Renewal Desk,Inbound,Provisioned,US East,Priority,Subscription,Azure Managed,Premier,Renewal,12,Yes
850878,2026-05-28,2026-05,FY26-Q2,Northstar Education,Public Sector,Education,Canada,North America,Morgan Patel,Governance,Catalog,Data Catalog Accelerator,45,6475.00,10,3445.00,Partner,Referral,Active,US West,Priority,Subscription,Hybrid,Premier,Net New,24,No
850879,2026-05-29,2026-05,FY26-Q2,Optima Warehousing,MidMarket,Logistics,Netherlands,Europe,Parker Diaz,Platform,Enablement,Fabric Enablement Bundle,5,7950.00,13,4530.00,Marketplace,Inbound,Provisioned,Europe North,Standard,Subscription,Azure Managed,Advanced,Expansion,36,No
850880,2026-05-30,2026-05,FY26-Q2,Pulse Renewables,Enterprise,Energy,Australia,Asia Pacific,Jordan Reyes,Security,Compliance,Compliance Evidence Hub,10,8175.00,8,4575.00,Renewal Desk,Inbound,Provisioned,Asia Pacific South,Strategic,Subscription,Customer Managed,Advanced,Renewal,12,Yes
850881,2026-05-31,2026-05,FY26-Q2,Alpine Manufacturing,Enterprise,Manufacturing,United States,North America,Avery Cole,AI,Forecasting,Forecast Studio,21,8950.00,10,4955.00,Partner,Referral,Provisioned,US East,Strategic,Subscription,Azure Managed,Premier,Net New,36,No
850882,2026-06-01,2026-06,FY26-Q2,Bluebird Retail,MidMarket,Retail,Canada,North America,Morgan Patel,Automation,Incident,Incident Response Pack,23,6775.00,10,3815.00,Direct,Inbound,Active,US Central,Standard,Subscription,Customer Managed,Advanced,Expansion,36,No
850883,2026-06-02,2026-06,FY26-Q2,Canyon Health,Enterprise,Healthcare,United States,North America,Casey Singh,Services,Migration,Migration Sprint,8,15530.00,12,9420.00,Partner,Event,Provisioned,US East,Strategic,Professional Services,Customer Managed,Premier,Net New,6,No
850884,2026-06-03,2026-06,FY26-Q2,Delta Logistics,MidMarket,Logistics,Germany,Europe,Cameron Kim,Data Integration,Streaming,Event Stream Bridge,37,4225.00,10,2360.00,Marketplace,Inbound,Invoiced,Europe North,Standard,Subscription,Customer Managed,Essentials,Expansion,24,No
850885,2026-06-04,2026-06,FY26-Q2,Evergreen Schools,Public Sector,Education,United States,North America,Jordan Reyes,AI,Forecasting,Forecast Studio,46,8700.00,11,4860.00,Renewal Desk,Inbound,Provisioned,US Central,Priority,Subscription,Customer Managed,Premier,Renewal,36,Yes
850886,2026-06-05,2026-06,FY26-Q2,Frontier Energy,Enterprise,Energy,United Kingdom,Europe,Logan Chen,Automation,Incident,Incident Response Pack,5,7675.00,7,4105.00,Partner,Referral,Active,Europe West,Priority,Subscription,Hybrid,Premier,Net New,12,No
850887,2026-06-06,2026-06,FY26-Q2,Granite Aerospace,Enterprise,Aerospace,United States,North America,Taylor Brooks,Services,Migration,Migration Sprint,4,15930.00,3,9625.00,Marketplace,Upsell,Booked,US Central,Strategic,Professional Services,Hybrid,Premier,Expansion,6,No
850888,2026-06-07,2026-06,FY26-Q2,Harbor Foods,SMB,Consumer Goods,Brazil,Latin America,Riley Morgan,Data Integration,Streaming,Event Stream Bridge,16,4775.00,11,2660.00,Renewal Desk,Inbound,Renewal Pending,Latin America South,Priority,Subscription,Hybrid,Advanced,Renewal,24,Yes
850889,2026-06-08,2026-06,FY26-Q2,Ion Medical,Enterprise,Healthcare,Singapore,Asia Pacific,Skyler Bennett,AI,Forecasting,Forecast Studio,22,9250.00,12,5065.00,Direct,Outbound,Provisioned,Asia Pacific South,Strategic,Subscription,Hybrid,Premier,Net New,24,No
850890,2026-06-09,2026-06,FY26-Q2,Juniper Telecom,MidMarket,Telecommunications,Australia,Asia Pacific,Reese Turner,Automation,Incident,Incident Response Pack,33,7025.00,15,3955.00,Renewal Desk,Upsell,Provisioned,Asia Pacific South,Priority,Subscription,Azure Managed,Essentials,Renewal,24,Yes
850891,2026-06-10,2026-06,FY26-Q2,Kepler Robotics,Enterprise,Technology,Japan,Asia Pacific,Riley Morgan,Services,Migration,Migration Sprint,8,15700.00,14,9555.00,Direct,Outbound,Invoiced,Asia Pacific South,Strategic,Professional Services,Azure Managed,Premier,Net New,3,No
850892,2026-06-11,2026-06,FY26-Q2,Lighthouse Media,SMB,Media,United Kingdom,Europe,Jordan Reyes,Data Integration,Streaming,Event Stream Bridge,48,4475.00,0,2590.00,Partner,Event,Provisioned,Europe North,Standard,Subscription,Azure Managed,Advanced,Expansion,36,No
850893,2026-06-12,2026-06,FY26-Q2,Meridian Mining,Enterprise,Mining,South Africa,Middle East & Africa,Casey Singh,AI,Forecasting,Forecast Studio,8,8850.00,8,4910.00,Renewal Desk,Inbound,Invoiced,Africa South,Strategic,Subscription,Azure Managed,Advanced,Renewal,24,Yes
850894,2026-06-13,2026-06,FY26-Q2,Nimbus Hotels,MidMarket,Hospitality,United Arab Emirates,Middle East & Africa,Avery Cole,Automation,Incident,Incident Response Pack,13,6925.00,5,3855.00,Direct,Inbound,Provisioned,Africa South,Standard,Subscription,Customer Managed,Advanced,Net New,24,No
850895,2026-06-14,2026-06,FY26-Q2,Orchard Biotech,Enterprise,Biotech,United States,North America,Quinn Foster,Services,Migration,Migration Sprint,4,15530.00,7,9460.00,Partner,Event,Booked,US East,Strategic,Professional Services,Customer Managed,Premier,Expansion,6,No
850896,2026-06-15,2026-06,FY26-Q2,Pioneer Insurance,MidMarket,Insurance,Canada,North America,Logan Chen,Data Integration,Streaming,Event Stream Bridge,31,4375.00,11,2395.00,Renewal Desk,Upsell,Provisioned,US Central,Priority,Subscription,Customer Managed,Advanced,Renewal,24,Yes
850897,2026-06-16,2026-06,FY26-Q2,Quantum Freight,Enterprise,Logistics,Germany,Europe,Skyler Bennett,AI,Forecasting,Forecast Studio,36,8700.00,12,4800.00,Marketplace,Upsell,Active,Europe West,Strategic,Subscription,Customer Managed,Premier,Expansion,36,No
850898,2026-06-17,2026-06,FY26-Q2,Redwood Capital,Enterprise,Financial Services,United States,North America,Logan Chen,Automation,Incident,Incident Response Pack,43,7425.00,5,4060.00,Renewal Desk,Upsell,Invoiced,US West,Priority,Subscription,Hybrid,Advanced,Renewal,12,Yes
850899,2026-06-18,2026-06,FY26-Q2,Summit Utilities,Public Sector,Utilities,United Kingdom,Europe,Morgan Patel,Services,Migration,Migration Sprint,8,15680.00,3,9580.00,Marketplace,Inbound,Invoiced,Europe West,Priority,Professional Services,Hybrid,Advanced,Net New,6,No
850900,2026-06-19,2026-06,FY26-Q2,Tidal Commerce,SMB,Retail,Singapore,Asia Pacific,Casey Singh,Data Integration,Streaming,Event Stream Bridge,10,4475.00,3,2605.00,Direct,Outbound,Booked,Asia Pacific East,Standard,Subscription,Hybrid,Essentials,Expansion,36,No
850901,2026-06-20,2026-06,FY26-Q2,Umbra Security,MidMarket,Cybersecurity,Israel,Middle East & Africa,Morgan Patel,AI,Forecasting,Forecast Studio,17,8850.00,6,4825.00,Renewal Desk,Upsell,Renewal Pending,Africa South,Priority,Subscription,Hybrid,Essentials,Renewal,24,Yes
850902,2026-06-21,2026-06,FY26-Q2,Vector Mobility,Enterprise,Transportation,Japan,Asia Pacific,Reese Turner,Automation,Incident,Incident Response Pack,25,7275.00,10,3990.00,Marketplace,Inbound,Invoiced,Asia Pacific South,Priority,Subscription,Azure Managed,Advanced,Net New,12,No
850903,2026-06-22,2026-06,FY26-Q2,Westbridge Pharma,Enterprise,Pharmaceuticals,Switzerland,Europe,Casey Singh,Services,Migration,Migration Sprint,4,15850.00,10,9595.00,Direct,Outbound,Provisioned,Europe West,Strategic,Professional Services,Azure Managed,Premier,Expansion,12,No
850904,2026-06-23,2026-06,FY26-Q2,Xenon Labs,SMB,Technology,India,Asia Pacific,Casey Singh,Data Integration,Streaming,Event Stream Bridge,34,4475.00,12,2535.00,Partner,Event,Booked,Asia Pacific East,Standard,Subscription,Azure Managed,Essentials,Net New,24,No
850905,2026-06-24,2026-06,FY26-Q2,Yellowtail Resorts,SMB,Hospitality,Mexico,Latin America,Reese Turner,AI,Forecasting,Forecast Studio,49,8800.00,15,4855.00,Partner,Referral,Invoiced,Latin America South,Standard,Subscription,Azure Managed,Essentials,Expansion,12,No
850906,2026-06-25,2026-06,FY26-Q2,Zenith Public Works,Public Sector,Government,United States,North America,Logan Chen,Automation,Incident,Incident Response Pack,11,7025.00,13,3795.00,Renewal Desk,Upsell,Renewal Pending,US Central,Priority,Subscription,Customer Managed,Advanced,Renewal,12,Yes
850907,2026-06-26,2026-06,FY26-Q2,Asteria Foods,MidMarket,Consumer Goods,Spain,Europe,Casey Singh,Services,Migration,Migration Sprint,8,15350.00,15,9315.00,Partner,Event,Provisioned,Europe West,Standard,Professional Services,Customer Managed,Advanced,Net New,12,No
850908,2026-06-27,2026-06,FY26-Q2,Borealis Health,Enterprise,Healthcare,Canada,North America,Cameron Kim,Data Integration,Streaming,Event Stream Bridge,21,4475.00,5,2520.00,Marketplace,Inbound,Provisioned,US Central,Priority,Subscription,Customer Managed,Premier,Expansion,36,No
850909,2026-06-28,2026-06,FY26-Q2,Celestial Motors,Enterprise,Automotive,Germany,Europe,Avery Cole,AI,Forecasting,Forecast Studio,29,8950.00,13,4840.00,Renewal Desk,Upsell,Provisioned,Europe West,Strategic,Subscription,Customer Managed,Premier,Renewal,12,Yes
850910,2026-06-29,2026-06,FY26-Q2,Driftline Apparel,SMB,Retail,Australia,Asia Pacific,Parker Diaz,Automation,Incident,Incident Response Pack,37,7275.00,12,4005.00,Partner,Referral,Invoiced,Asia Pacific South,Standard,Subscription,Hybrid,Essentials,Net New,12,No
850911,2026-06-30,2026-06,FY26-Q2,Eclipse Networks,Enterprise,Telecommunications,United States,North America,Morgan Patel,Services,Migration,Migration Sprint,4,15930.00,15,9605.00,Renewal Desk,Upsell,Provisioned,US Central,Strategic,Professional Services,Hybrid,Premier,Renewal,6,Yes
850912,2026-07-01,2026-07,FY26-Q3,Fathom Analytics,MidMarket,Technology,Ireland,Europe,Quinn Foster,Data Integration,Streaming,Event Stream Bridge,50,4725.00,12,2545.00,Direct,Outbound,Invoiced,Europe North,Standard,Subscription,Hybrid,Essentials,Net New,12,No
850913,2026-07-02,2026-07,FY26-Q3,Greatwater Shipping,Enterprise,Logistics,Singapore,Asia Pacific,Casey Singh,AI,Forecasting,Forecast Studio,14,9350.00,2,5045.00,Direct,Outbound,Provisioned,Asia Pacific South,Strategic,Subscription,Hybrid,Premier,Expansion,12,No
850914,2026-07-03,2026-07,FY26-Q3,Helios Devices,MidMarket,Manufacturing,Japan,Asia Pacific,Quinn Foster,Automation,Incident,Incident Response Pack,16,6875.00,6,3935.00,Renewal Desk,Inbound,Provisioned,Asia Pacific South,Priority,Subscription,Azure Managed,Essentials,Renewal,36,Yes
850915,2026-07-04,2026-07,FY26-Q3,Ironclad Construction,MidMarket,Construction,United Arab Emirates,Middle East & Africa,Skyler Bennett,Services,Migration,Migration Sprint,8,15450.00,0,9455.00,Direct,Outbound,Invoiced,Africa South,Standard,Professional Services,Azure Managed,Essentials,Net New,12,No
850916,2026-07-05,2026-07,FY26-Q3,Jetstream Travel,SMB,Travel,United Kingdom,Europe,Jordan Reyes,Data Integration,Streaming,Event Stream Bridge,32,4725.00,8,2570.00,Partner,Event,Provisioned,Europe North,Standard,Subscription,Azure Managed,Advanced,Expansion,12,No
850917,2026-07-06,2026-07,FY26-Q3,Kestrel Finance,Enterprise,Financial Services,United States,North America,Casey Singh,AI,Forecasting,Forecast Studio,38,9100.00,15,4975.00,Renewal Desk,Inbound,Invoiced,US East,Strategic,Subscription,Azure Managed,Premier,Renewal,24,Yes
850918,2026-07-07,2026-07,FY26-Q3,Northstar Education,Public Sector,Education,Canada,North America,Logan Chen,Automation,Incident,Incident Response Pack,49,7025.00,5,3920.00,Direct,Inbound,Active,US Central,Priority,Subscription,Customer Managed,Premier,Expansion,36,No
850919,2026-07-08,2026-07,FY26-Q3,Optima Warehousing,MidMarket,Logistics,Netherlands,Europe,Avery Cole,Services,Migration,Migration Sprint,4,15200.00,13,9355.00,Renewal Desk,Upsell,Invoiced,Europe West,Priority,Professional Services,Customer Managed,Advanced,Renewal,3,Yes
850920,2026-07-09,2026-07,FY26-Q3,Pulse Renewables,Enterprise,Energy,Australia,Asia Pacific,Riley Morgan,Data Integration,Streaming,Event Stream Bridge,14,4375.00,0,2475.00,Marketplace,Upsell,Booked,Asia Pacific East,Priority,Subscription,Customer Managed,Advanced,Net New,24,No
850921,2026-07-10,2026-07,FY26-Q3,Alpine Manufacturing,Enterprise,Manufacturing,United States,North America,Cameron Kim,Governance,Security,Access Policy Monitor,25,6450.00,5,3380.00,Marketplace,Inbound,Provisioned,US Central,Priority,Subscription,Customer Managed,Premier,Expansion,12,No
850922,2026-07-11,2026-07,FY26-Q3,Bluebird Retail,MidMarket,Retail,Canada,North America,Logan Chen,Managed Services,Support,Managed Monitoring Service,3,9725.00,6,5775.00,Renewal Desk,Upsell,Provisioned,US Central,Priority,Managed Services,Azure Managed,Premier,Renewal,12,Yes
850923,2026-07-12,2026-07,FY26-Q3,Canyon Health,Enterprise,Healthcare,United States,North America,Skyler Bennett,Security,Identity,Identity Guard for Fabric,32,7700.00,5,4395.00,Marketplace,Upsell,Active,US East,Priority,Subscription,Azure Managed,Premier,Net New,36,No
850924,2026-07-13,2026-07,FY26-Q3,Delta Logistics,MidMarket,Logistics,Germany,Europe,Parker Diaz,Analytics,Executive Reporting,Executive Scorecard Model,41,7425.00,8,4135.00,Direct,Inbound,Invoiced,Europe North,Standard,Subscription,Azure Managed,Essentials,Expansion,36,No
850925,2026-07-14,2026-07,FY26-Q3,Evergreen Schools,Public Sector,Education,United States,North America,Riley Morgan,Governance,Security,Access Policy Monitor,50,6850.00,5,3685.00,Direct,Outbound,Provisioned,US West,Priority,Subscription,Hybrid,Premier,Net New,12,No
850926,2026-07-15,2026-07,FY26-Q3,Frontier Energy,Enterprise,Energy,United Kingdom,Europe,Reese Turner,Managed Services,Support,Managed Monitoring Service,4,9625.00,17,5755.00,Direct,Inbound,Active,Europe North,Strategic,Managed Services,Azure Managed,Premier,Expansion,24,No
850927,2026-07-16,2026-07,FY26-Q3,Granite Aerospace,Enterprise,Aerospace,United States,North America,Casey Singh,Security,Identity,Identity Guard for Fabric,18,7450.00,20,4200.00,Renewal Desk,Inbound,Renewal Pending,US Central,Priority,Subscription,Customer Managed,Premier,Renewal,36,Yes
850928,2026-07-17,2026-07,FY26-Q3,Harbor Foods,SMB,Consumer Goods,Brazil,Latin America,Quinn Foster,Analytics,Executive Reporting,Executive Scorecard Model,20,7325.00,3,4035.00,Partner,Event,Provisioned,Latin America South,Standard,Subscription,Customer Managed,Advanced,Net New,36,No
850929,2026-07-18,2026-07,FY26-Q3,Ion Medical,Enterprise,Healthcare,Singapore,Asia Pacific,Taylor Brooks,Governance,Security,Access Policy Monitor,26,6450.00,10,3615.00,Partner,Event,Provisioned,Asia Pacific East,Priority,Subscription,Azure Managed,Premier,Expansion,36,No
850930,2026-07-19,2026-07,FY26-Q3,Juniper Telecom,MidMarket,Telecommunications,Australia,Asia Pacific,Morgan Patel,Managed Services,Support,Managed Monitoring Service,2,9225.00,8,5750.00,Renewal Desk,Upsell,Invoiced,Asia Pacific East,Priority,Managed Services,Azure Managed,Advanced,Renewal,36,Yes
850931,2026-07-20,2026-07,FY26-Q3,Kepler Robotics,Enterprise,Technology,Japan,Asia Pacific,Quinn Foster,Security,Identity,Identity Guard for Fabric,44,8000.00,10,4405.00,Partner,Event,Active,Asia Pacific East,Strategic,Subscription,Hybrid,Premier,Net New,24,No
850932,2026-07-21,2026-07,FY26-Q3,Lighthouse Media,SMB,Media,United Kingdom,Europe,Riley Morgan,Analytics,Executive Reporting,Executive Scorecard Model,6,7975.00,15,4240.00,Renewal Desk,Inbound,Provisioned,Europe North,Priority,Subscription,Hybrid,Advanced,Renewal,12,Yes
850933,2026-07-22,2026-07,FY26-Q3,Meridian Mining,Enterprise,Mining,South Africa,Middle East & Africa,Skyler Bennett,Governance,Security,Access Policy Monitor,12,5950.00,0,3335.00,Marketplace,Upsell,Booked,Middle East Hub,Priority,Subscription,Customer Managed,Advanced,Net New,36,No
850934,2026-07-23,2026-07,FY26-Q3,Nimbus Hotels,MidMarket,Hospitality,United Arab Emirates,Middle East & Africa,Cameron Kim,Managed Services,Support,Managed Monitoring Service,2,9475.00,13,5815.00,Marketplace,Inbound,Provisioned,Middle East Hub,Standard,Managed Services,Azure Managed,Premier,Expansion,36,No
850935,2026-07-24,2026-07,FY26-Q3,Orchard Biotech,Enterprise,Biotech,United States,North America,Jordan Reyes,Security,Identity,Identity Guard for Fabric,26,7700.00,5,4435.00,Renewal Desk,Inbound,Provisioned,US East,Priority,Subscription,Azure Managed,Premier,Renewal,36,Yes
850936,2026-07-25,2026-07,FY26-Q3,Pioneer Insurance,MidMarket,Insurance,Canada,North America,Reese Turner,Analytics,Executive Reporting,Executive Scorecard Model,35,7575.00,3,4170.00,Direct,Inbound,Provisioned,US East,Standard,Subscription,Azure Managed,Advanced,Net New,36,No
850937,2026-07-26,2026-07,FY26-Q3,Quantum Freight,Enterprise,Logistics,Germany,Europe,Taylor Brooks,Governance,Security,Access Policy Monitor,40,6850.00,12,3625.00,Direct,Outbound,Active,Europe North,Priority,Subscription,Hybrid,Premier,Expansion,12,No
850938,2026-07-27,2026-07,FY26-Q3,Redwood Capital,Enterprise,Financial Services,United States,North America,Reese Turner,Managed Services,Support,Managed Monitoring Service,3,9375.00,15,5710.00,Renewal Desk,Upsell,Renewal Pending,US West,Strategic,Managed Services,Azure Managed,Advanced,Renewal,24,Yes
850939,2026-07-28,2026-07,FY26-Q3,Summit Utilities,Public Sector,Utilities,United Kingdom,Europe,Logan Chen,Security,Identity,Identity Guard for Fabric,9,7200.00,0,4155.00,Direct,Inbound,Booked,Europe North,Priority,Subscription,Customer Managed,Advanced,Expansion,36,No
850940,2026-07-29,2026-07,FY26-Q3,Tidal Commerce,SMB,Retail,Singapore,Asia Pacific,Skyler Bennett,Analytics,Executive Reporting,Executive Scorecard Model,14,7425.00,18,3980.00,Renewal Desk,Inbound,Invoiced,Asia Pacific East,Priority,Subscription,Customer Managed,Essentials,Renewal,12,Yes
850941,2026-07-30,2026-07,FY26-Q3,Umbra Security,MidMarket,Cybersecurity,Israel,Middle East & Africa,Logan Chen,Governance,Security,Access Policy Monitor,21,6050.00,0,3375.00,Partner,Referral,Invoiced,Middle East Hub,Standard,Subscription,Azure Managed,Essentials,Net New,36,No
850942,2026-07-31,2026-07,FY26-Q3,Vector Mobility,Enterprise,Transportation,Japan,Asia Pacific,Morgan Patel,Managed Services,Support,Managed Monitoring Service,2,9375.00,5,5690.00,Partner,Referral,Invoiced,Asia Pacific East,Strategic,Managed Services,Azure Managed,Advanced,Expansion,24,No
850943,2026-08-01,2026-08,FY26-Q3,Westbridge Pharma,Enterprise,Pharmaceuticals,Switzerland,Europe,Skyler Bennett,Security,Identity,Identity Guard for Fabric,38,8100.00,8,4445.00,Renewal Desk,Inbound,Invoiced,Europe North,Strategic,Subscription,Hybrid,Premier,Renewal,12,Yes
850944,2026-08-02,2026-08,FY26-Q3,Xenon Labs,SMB,Technology,India,Asia Pacific,Skyler Bennett,Analytics,Executive Reporting,Executive Scorecard Model,38,7575.00,6,4185.00,Marketplace,Upsell,Booked,Asia Pacific East,Standard,Subscription,Hybrid,Essentials,Net New,36,No
850945,2026-08-03,2026-08,FY26-Q3,Yellowtail Resorts,SMB,Hospitality,Mexico,Latin America,Morgan Patel,Governance,Security,Access Policy Monitor,7,5950.00,10,3280.00,Marketplace,Inbound,Invoiced,Latin America South,Standard,Subscription,Customer Managed,Essentials,Expansion,24,No
850946,2026-08-04,2026-08,FY26-Q3,Zenith Public Works,Public Sector,Government,United States,North America,Reese Turner,Managed Services,Support,Managed Monitoring Service,3,9375.00,1,5670.00,Marketplace,Inbound,Invoiced,US Central,Priority,Managed Services,Azure Managed,Advanced,Net New,24,No
850947,2026-08-05,2026-08,FY26-Q3,Asteria Foods,MidMarket,Consumer Goods,Spain,Europe,Skyler Bennett,Security,Identity,Identity Guard for Fabric,16,7700.00,8,4290.00,Marketplace,Upsell,Active,Europe North,Standard,Subscription,Azure Managed,Advanced,Expansion,12,No
850948,2026-08-06,2026-08,FY26-Q3,Borealis Health,Enterprise,Healthcare,Canada,North America,Parker Diaz,Analytics,Executive Reporting,Executive Scorecard Model,25,8075.00,5,4295.00,Renewal Desk,Upsell,Renewal Pending,US East,Strategic,Subscription,Azure Managed,Premier,Renewal,12,Yes
850949,2026-08-07,2026-08,FY26-Q3,Celestial Motors,Enterprise,Automotive,Germany,Europe,Cameron Kim,Governance,Security,Access Policy Monitor,33,6750.00,7,3665.00,Direct,Inbound,Active,Europe North,Priority,Subscription,Hybrid,Premier,Net New,24,No
850950,2026-08-08,2026-08,FY26-Q3,Driftline Apparel,SMB,Retail,Australia,Asia Pacific,Avery Cole,Managed Services,Support,Managed Monitoring Service,2,9375.00,5,5750.00,Direct,Inbound,Invoiced,Asia Pacific East,Standard,Managed Services,Azure Managed,Advanced,Expansion,24,No
850951,2026-08-09,2026-08,FY26-Q3,Eclipse Networks,Enterprise,Telecommunications,United States,North America,Logan Chen,Security,Identity,Identity Guard for Fabric,47,7450.00,10,4180.00,Renewal Desk,Upsell,Renewal Pending,US Central,Priority,Subscription,Customer Managed,Premier,Renewal,36,Yes
850952,2026-08-10,2026-08,FY26-Q3,Fathom Analytics,MidMarket,Technology,Ireland,Europe,Jordan Reyes,Analytics,Executive Reporting,Executive Scorecard Model,8,7325.00,8,3920.00,Partner,Event,Invoiced,Europe North,Standard,Subscription,Customer Managed,Essentials,Net New,24,No
850953,2026-08-11,2026-08,FY26-Q3,Greatwater Shipping,Enterprise,Logistics,Singapore,Asia Pacific,Skyler Bennett,Governance,Security,Access Policy Monitor,18,6600.00,20,3595.00,Renewal Desk,Inbound,Invoiced,Asia Pacific East,Priority,Subscription,Azure Managed,Premier,Renewal,24,Yes
850954,2026-08-12,2026-08,FY26-Q3,Helios Devices,MidMarket,Manufacturing,Japan,Asia Pacific,Jordan Reyes,Managed Services,Support,Managed Monitoring Service,2,9475.00,12,5730.00,Partner,Event,Invoiced,Asia Pacific East,Standard,Managed Services,Azure Managed,Advanced,Net New,12,No
850955,2026-08-13,2026-08,FY26-Q3,Ironclad Construction,MidMarket,Construction,United Arab Emirates,Middle East & Africa,Taylor Brooks,Security,Identity,Identity Guard for Fabric,34,7700.00,12,4305.00,Partner,Event,Invoiced,Middle East Hub,Standard,Subscription,Hybrid,Essentials,Expansion,12,No
850956,2026-08-14,2026-08,FY26-Q3,Jetstream Travel,SMB,Travel,United Kingdom,Europe,Riley Morgan,Analytics,Executive Reporting,Executive Scorecard Model,36,7875.00,6,4220.00,Renewal Desk,Inbound,Provisioned,Europe North,Priority,Subscription,Hybrid,Advanced,Renewal,24,Yes
850957,2026-08-15,2026-08,FY26-Q3,Kestrel Finance,Enterprise,Financial Services,United States,North America,Skyler Bennett,Governance,Security,Access Policy Monitor,42,6200.00,8,3400.00,Marketplace,Upsell,Provisioned,US Central,Priority,Subscription,Customer Managed,Premier,Net New,36,No
850958,2026-08-16,2026-08,FY26-Q3,Northstar Education,Public Sector,Education,Canada,North America,Reese Turner,Managed Services,Support,Managed Monitoring Service,3,9725.00,13,5795.00,Marketplace,Inbound,Active,US Central,Priority,Managed Services,Azure Managed,Premier,Expansion,12,No
850959,2026-08-17,2026-08,FY26-Q3,Optima Warehousing,MidMarket,Logistics,Netherlands,Europe,Cameron Kim,Security,Identity,Identity Guard for Fabric,13,7600.00,8,4330.00,Renewal Desk,Upsell,Provisioned,Europe North,Priority,Subscription,Azure Managed,Advanced,Renewal,24,Yes
850960,2026-08-18,2026-08,FY26-Q3,Pulse Renewables,Enterprise,Energy,Australia,Asia Pacific,Quinn Foster,Analytics,Executive Reporting,Executive Scorecard Model,18,7575.00,14,4250.00,Direct,Outbound,Booked,Asia Pacific East,Priority,Subscription,Azure Managed,Advanced,Expansion,36,No
850961,2026-08-19,2026-08,FY26-Q3,Alpine Manufacturing,Enterprise,Manufacturing,United States,North America,Parker Diaz,Platform,Capacity,Capacity Planner Toolkit,29,5650.00,17,2905.00,Renewal Desk,Upsell,Renewal Pending,US West,Priority,Subscription,Hybrid,Premier,Renewal,24,Yes
850962,2026-08-20,2026-08,FY26-Q3,Bluebird Retail,MidMarket,Retail,Canada,North America,Reese Turner,Services,Training,Training Accelerator,4,6655.00,12,3415.00,Direct,Inbound,Provisioned,US East,Standard,Professional Services,Customer Managed,Advanced,Net New,6,No
850963,2026-08-21,2026-08,FY26-Q3,Canyon Health,Enterprise,Healthcare,United States,North America,Taylor Brooks,Lakehouse,Foundation,Lakehouse Foundation,36,6050.00,5,3295.00,Partner,Event,Active,US East,Priority,Subscription,Azure Managed,Premier,Expansion,12,No
850964,2026-08-22,2026-08,FY26-Q3,Delta Logistics,MidMarket,Logistics,Germany,Europe,Avery Cole,AI,Recommendations,Recommendation Studio,45,9775.00,6,5335.00,Renewal Desk,Upsell,Renewal Pending,Europe North,Priority,Subscription,Azure Managed,Essentials,Renewal,12,Yes
850965,2026-08-23,2026-08,FY26-Q3,Evergreen Schools,Public Sector,Education,United States,North America,Quinn Foster,Platform,Capacity,Capacity Planner Toolkit,8,5500.00,12,2935.00,Partner,Event,Provisioned,US East,Priority,Subscription,Azure Managed,Premier,Net New,24,No
850966,2026-08-24,2026-08,FY26-Q3,Frontier Energy,Enterprise,Energy,United Kingdom,Europe,Morgan Patel,Services,Training,Training Accelerator,8,7375.00,10,3705.00,Partner,Referral,Invoiced,Europe West,Priority,Professional Services,Hybrid,Premier,Expansion,12,No
850967,2026-08-25,2026-08,FY26-Q3,Granite Aerospace,Enterprise,Aerospace,United States,North America,Skyler Bennett,Lakehouse,Foundation,Lakehouse Foundation,22,5800.00,12,3100.00,Marketplace,Upsell,Active,US Central,Priority,Subscription,Customer Managed,Premier,Net New,12,No
850968,2026-08-26,2026-08,FY26-Q3,Harbor Foods,SMB,Consumer Goods,Brazil,Latin America,Jordan Reyes,AI,Recommendations,Recommendation Studio,24,9675.00,15,5235.00,Partner,Event,Provisioned,Latin America South,Standard,Subscription,Customer Managed,Advanced,Expansion,12,No
850969,2026-08-27,2026-08,FY26-Q3,Ion Medical,Enterprise,Healthcare,Singapore,Asia Pacific,Casey Singh,Platform,Capacity,Capacity Planner Toolkit,30,5350.00,20,2740.00,Renewal Desk,Inbound,Provisioned,Asia Pacific East,Priority,Subscription,Customer Managed,Premier,Renewal,12,Yes
850970,2026-08-28,2026-08,FY26-Q3,Juniper Telecom,MidMarket,Telecommunications,Australia,Asia Pacific,Logan Chen,Services,Training,Training Accelerator,4,6675.00,13,3555.00,Marketplace,Inbound,Booked,Asia Pacific South,Standard,Professional Services,Azure Managed,Essentials,Net New,3,No
850971,2026-08-29,2026-08,FY26-Q3,Kepler Robotics,Enterprise,Technology,Japan,Asia Pacific,Jordan Reyes,Lakehouse,Foundation,Lakehouse Foundation,48,5950.00,7,3305.00,Direct,Outbound,Active,Asia Pacific East,Priority,Subscription,Hybrid,Premier,Expansion,36,No
850972,2026-08-30,2026-08,FY26-Q3,Lighthouse Media,SMB,Media,United Kingdom,Europe,Quinn Foster,AI,Recommendations,Recommendation Studio,10,9975.00,11,5440.00,Renewal Desk,Inbound,Provisioned,Europe North,Priority,Subscription,Hybrid,Advanced,Renewal,24,Yes
850973,2026-08-31,2026-08,FY26-Q3,Meridian Mining,Enterprise,Mining,South Africa,Middle East & Africa,Taylor Brooks,Platform,Capacity,Capacity Planner Toolkit,16,5500.00,10,2860.00,Direct,Outbound,Booked,Middle East Hub,Priority,Subscription,Hybrid,Advanced,Net New,12,No
850974,2026-09-01,2026-09,FY26-Q3,Nimbus Hotels,MidMarket,Hospitality,United Arab Emirates,Middle East & Africa,Parker Diaz,Services,Training,Training Accelerator,8,6575.00,11,3455.00,Renewal Desk,Upsell,Renewal Pending,Africa South,Priority,Professional Services,Customer Managed,Advanced,Renewal,3,Yes
850975,2026-09-02,2026-09,FY26-Q3,Orchard Biotech,Enterprise,Biotech,United States,North America,Riley Morgan,Lakehouse,Foundation,Lakehouse Foundation,30,6050.00,17,3335.00,Partner,Event,Active,US East,Priority,Subscription,Azure Managed,Premier,Net New,12,No
850976,2026-09-03,2026-09,FY26-Q3,Pioneer Insurance,MidMarket,Insurance,Canada,North America,Morgan Patel,AI,Recommendations,Recommendation Studio,39,9925.00,15,5370.00,Direct,Inbound,Provisioned,US East,Standard,Subscription,Azure Managed,Advanced,Expansion,12,No
850977,2026-09-04,2026-09,FY26-Q3,Quantum Freight,Enterprise,Logistics,Germany,Europe,Casey Singh,Platform,Capacity,Capacity Planner Toolkit,44,5500.00,5,2875.00,Renewal Desk,Inbound,Invoiced,Europe North,Priority,Subscription,Azure Managed,Premier,Renewal,24,Yes
850978,2026-09-05,2026-09,FY26-Q3,Redwood Capital,Enterprise,Financial Services,United States,North America,Morgan Patel,Services,Training,Training Accelerator,4,7125.00,5,3660.00,Partner,Referral,Invoiced,US Central,Priority,Professional Services,Hybrid,Advanced,Net New,12,No
850979,2026-09-06,2026-09,FY26-Q3,Summit Utilities,Public Sector,Utilities,United Kingdom,Europe,Reese Turner,Lakehouse,Foundation,Lakehouse Foundation,13,5550.00,13,3055.00,Marketplace,Inbound,Booked,Europe North,Priority,Subscription,Customer Managed,Advanced,Expansion,12,No
850980,2026-09-07,2026-09,FY26-Q3,Tidal Commerce,SMB,Retail,Singapore,Asia Pacific,Taylor Brooks,AI,Recommendations,Recommendation Studio,18,9425.00,13,5180.00,Renewal Desk,Inbound,Invoiced,Asia Pacific East,Priority,Subscription,Customer Managed,Essentials,Renewal,24,Yes
850981,2026-09-08,2026-09,FY26-Q3,Umbra Security,MidMarket,Cybersecurity,Israel,Middle East & Africa,Reese Turner,Platform,Capacity,Capacity Planner Toolkit,25,4950.00,6,2500.00,Marketplace,Inbound,Invoiced,Middle East Hub,Standard,Subscription,Customer Managed,Essentials,Expansion,12,No
850982,2026-09-09,2026-09,FY26-Q3,Vector Mobility,Enterprise,Transportation,Japan,Asia Pacific,Logan Chen,Services,Training,Training Accelerator,8,6975.00,17,3590.00,Renewal Desk,Upsell,Provisioned,Asia Pacific South,Priority,Professional Services,Azure Managed,Advanced,Renewal,12,Yes
850983,2026-09-10,2026-09,FY26-Q3,Westbridge Pharma,Enterprise,Pharmaceuticals,Switzerland,Europe,Taylor Brooks,Lakehouse,Foundation,Lakehouse Foundation,42,6100.00,2,3345.00,Direct,Outbound,Provisioned,Europe North,Priority,Subscription,Hybrid,Premier,Net New,24,No
850984,2026-09-11,2026-09,FY26-Q3,Xenon Labs,SMB,Technology,India,Asia Pacific,Taylor Brooks,AI,Recommendations,Recommendation Studio,42,9925.00,1,5385.00,Marketplace,Upsell,Booked,Asia Pacific East,Standard,Subscription,Hybrid,Essentials,Expansion,12,No
850985,2026-09-12,2026-09,FY26-Q3,Yellowtail Resorts,SMB,Hospitality,Mexico,Latin America,Logan Chen,Platform,Capacity,Capacity Planner Toolkit,11,5100.00,6,2805.00,Renewal Desk,Upsell,Renewal Pending,Latin America South,Priority,Subscription,Hybrid,Essentials,Renewal,36,Yes
850986,2026-09-13,2026-09,FY26-Q3,Zenith Public Works,Public Sector,Government,United States,North America,Morgan Patel,Services,Training,Training Accelerator,4,6725.00,12,3395.00,Direct,Inbound,Invoiced,US East,Priority,Professional Services,Customer Managed,Advanced,Net New,12,No
850987,2026-09-14,2026-09,FY26-Q3,Asteria Foods,MidMarket,Consumer Goods,Spain,Europe,Taylor Brooks,Lakehouse,Foundation,Lakehouse Foundation,20,5700.00,8,3190.00,Partner,Event,Active,Europe North,Standard,Subscription,Azure Managed,Advanced,Expansion,24,No
850988,2026-09-15,2026-09,FY26-Q3,Borealis Health,Enterprise,Healthcare,Canada,North America,Avery Cole,AI,Recommendations,Recommendation Studio,29,10075.00,14,5495.00,Direct,Inbound,Provisioned,US East,Strategic,Subscription,Azure Managed,Premier,Net New,24,No
850989,2026-09-16,2026-09,FY26-Q3,Celestial Motors,Enterprise,Automotive,Germany,Europe,Parker Diaz,Platform,Capacity,Capacity Planner Toolkit,37,5350.00,14,2915.00,Partner,Referral,Active,Europe North,Priority,Subscription,Azure Managed,Premier,Expansion,36,No
850990,2026-09-17,2026-09,FY26-Q3,Driftline Apparel,SMB,Retail,Australia,Asia Pacific,Cameron Kim,Services,Training,Training Accelerator,8,6975.00,18,3605.00,Renewal Desk,Upsell,Invoiced,Asia Pacific South,Priority,Professional Services,Hybrid,Essentials,Renewal,12,Yes
850991,2026-09-18,2026-09,FY26-Q3,Eclipse Networks,Enterprise,Telecommunications,United States,North America,Reese Turner,Lakehouse,Foundation,Lakehouse Foundation,5,5800.00,3,3080.00,Marketplace,Inbound,Active,US Central,Priority,Subscription,Customer Managed,Premier,Net New,12,No
850992,2026-09-19,2026-09,FY26-Q3,Fathom Analytics,MidMarket,Technology,Ireland,Europe,Riley Morgan,AI,Recommendations,Recommendation Studio,12,9275.00,3,5120.00,Partner,Event,Invoiced,Europe North,Standard,Subscription,Customer Managed,Essentials,Expansion,36,No
850993,2026-09-20,2026-09,FY26-Q3,Greatwater Shipping,Enterprise,Logistics,Singapore,Asia Pacific,Taylor Brooks,Platform,Capacity,Capacity Planner Toolkit,22,5100.00,10,2720.00,Renewal Desk,Inbound,Provisioned,Asia Pacific East,Priority,Subscription,Customer Managed,Premier,Renewal,36,Yes
850994,2026-09-21,2026-09,FY26-Q3,Helios Devices,MidMarket,Manufacturing,Japan,Asia Pacific,Riley Morgan,Services,Training,Training Accelerator,4,6755.00,3,3535.00,Marketplace,Upsell,Invoiced,Asia Pacific South,Standard,Professional Services,Azure Managed,Essentials,Net New,6,No
850995,2026-09-22,2026-09,FY26-Q3,Ironclad Construction,MidMarket,Construction,United Arab Emirates,Middle East & Africa,Casey Singh,Lakehouse,Foundation,Lakehouse Foundation,38,5700.00,13,3205.00,Renewal Desk,Inbound,Renewal Pending,Middle East Hub,Priority,Subscription,Hybrid,Essentials,Renewal,24,Yes
850996,2026-09-23,2026-09,FY26-Q3,Jetstream Travel,SMB,Travel,United Kingdom,Europe,Quinn Foster,AI,Recommendations,Recommendation Studio,40,9825.00,13,5420.00,Marketplace,Upsell,Provisioned,Europe North,Standard,Subscription,Hybrid,Advanced,Net New,36,No
850997,2026-09-24,2026-09,FY26-Q3,Kestrel Finance,Enterprise,Financial Services,United States,North America,Taylor Brooks,Platform,Capacity,Capacity Planner Toolkit,46,5750.00,17,2925.00,Direct,Outbound,Provisioned,US West,Priority,Subscription,Hybrid,Premier,Expansion,12,No
850998,2026-09-25,2026-09,FY26-Q3,Northstar Education,Public Sector,Education,Canada,North America,Morgan Patel,Services,Training,Training Accelerator,8,6905.00,11,3520.00,Renewal Desk,Upsell,Renewal Pending,US East,Priority,Professional Services,Customer Managed,Premier,Renewal,6,Yes
850999,2026-09-26,2026-09,FY26-Q3,Optima Warehousing,MidMarket,Logistics,Netherlands,Europe,Parker Diaz,Lakehouse,Foundation,Lakehouse Foundation,17,5550.00,3,3230.00,Partner,Referral,Provisioned,Europe North,Standard,Subscription,Azure Managed,Advanced,Net New,36,No
851000,2026-09-27,2026-09,FY26-Q3,Pulse Renewables,Enterprise,Energy,Australia,Asia Pacific,Jordan Reyes,AI,Recommendations,Recommendation Studio,22,9925.00,10,5450.00,Direct,Outbound,Booked,Asia Pacific East,Strategic,Subscription,Azure Managed,Advanced,Expansion,12,No
